node_id,vi_do,kinh_do,so_nhanh,loai_giao_lo,kieu_giao_lo
366367322,10.7991329,106.6571621,6,Duong lon,Nga 6
366367617,10.8102713,106.6668589,8,Duong nho,Nga 8
366367660,10.7901425,106.6432639,8,Duong lon,Nga 8
366368733,10.7965385,106.6525594,6,Duong lon,Nga 6
366369083,10.792477,106.6460653,2,Duong nho,Duong thang
366369484,10.7964286,106.6643864,6,Duong lon,Nga 6
366369902,10.8058582,106.6410987,6,Duong nho,Nga 6
366369976,10.7926171,106.6598668,4,Hem/Ngo,Nga tu
366370841,10.8146682,106.6719795,4,Hem/Ngo,Nga tu
366370884,10.7796422,106.6445259,6,Duong lon,Nga 6
366371936,10.7902203,106.640794,4,Duong lon,Nga tu
366372109,10.7833862,106.6613755,6,Duong lon,Nga 6
366372360,10.7993025,106.6563821,6,Duong lon,Nga 6
366372400,10.791368,106.6414231,6,Duong lon,Nga 6
366373568,10.8072974,106.6615214,6,Duong lon,Nga 6
366373656,10.7839027,106.6465703,6,Duong lon,Nga 6
366373991,10.7963062,106.6469313,4,Duong lon,Nga tu
366375943,10.7956238,106.6639667,8,Duong lon,Nga 8
366376504,10.7887216,106.6625878,6,Hem/Ngo,Nga 6
366377240,10.8086299,106.6552412,2,Duong lon,Duong thang
366379261,10.8023233,106.6416505,3,Duong lon,Nga ba
366379315,10.7909631,106.6412738,6,Duong lon,Nga 6
366380463,10.7964983,106.6546622,4,Duong lon,Nga tu
366380528,10.7776167,106.6519915,6,Hem/Ngo,Nga 6
366380840,10.7801864,106.6533088,6,Hem/Ngo,Nga 6
366381292,10.7771508,106.6522564,6,Hem/Ngo,Nga 6
366381474,10.8282715,106.6365608,2,Hem/Ngo,Duong thang
366381936,10.7901721,106.655176,2,Hem/Ngo,Duong thang
366382479,10.8093335,106.6480851,6,Duong lon,Nga 6
366382807,10.7977201,106.6496075,6,Duong nho,Nga 6
366383494,10.7778492,106.6537393,6,Duong nho,Nga 6
366384365,10.7932802,106.6670886,4,Hem/Ngo,Nga tu
366384461,10.7943767,106.6426525,8,Duong lon,Nga 8
366384546,10.7765539,106.6533297,6,Hem/Ngo,Nga 6
366384620,10.7808659,106.6540552,6,Duong nho,Nga 6
366384637,10.7837969,106.661778,2,Duong lon,Duong thang
366384785,10.793286,106.6664289,6,Hem/Ngo,Nga 6
366385430,10.7937036,106.6566094,6,Duong lon,Nga 6
366386004,10.817234,106.637042,5,Duong lon,Nga 5
366386373,10.8009599,106.652582,6,Duong nho,Nga 6
366386647,10.8233495,106.6361631,6,Duong nho,Nga 6
366388443,10.7995707,106.6509174,8,Duong nho,Nga 8
366388635,10.8125003,106.664351,2,Duong lon,Duong thang
366390571,10.7963946,106.6467667,4,Duong lon,Nga tu
366393276,10.7845984,106.6522654,6,Duong nho,Nga 6
366393436,10.7994593,106.6524496,6,Duong nho,Nga 6
366399081,10.7888655,106.6455004,6,Duong nho,Nga 6
366400309,10.7934898,106.6649853,6,Duong nho,Nga 6
366401235,10.8079193,106.6628729,6,Duong lon,Nga 6
366401316,10.7883229,106.6620189,6,Duong lon,Nga 6
366401453,10.802996,106.660681,6,Duong lon,Nga 6
366401647,10.7834601,106.652919,5,Duong nho,Nga 5
366402145,10.7806545,106.653196,2,Hem/Ngo,Duong thang
366402781,10.8146428,106.6659035,6,Duong lon,Nga 6
366403291,10.7792906,106.6551579,6,Duong nho,Nga 6
366404398,10.8087192,106.6696415,4,Hem/Ngo,Nga tu
366404401,10.8133416,106.6671455,4,Duong lon,Nga tu
366405142,10.7930084,106.657935,6,Duong lon,Nga 6
366405431,10.8236476,106.6299029,4,Duong lon,Nga tu
366405629,10.7758207,106.6533519,6,Duong lon,Nga 6
366405688,10.8090756,106.6552677,3,Duong lon,Nga ba
366405690,10.7955926,106.6408283,8,Duong lon,Nga 8
366405923,10.7912333,106.6498827,6,Duong nho,Nga 6
366406013,10.8294058,106.6401284,2,Duong nho,Duong thang
366406232,10.8059046,106.6643717,4,Duong lon,Nga tu
366407106,10.780723,106.6437899,6,Duong lon,Nga 6
366407716,10.8047422,106.645936,6,Duong nho,Nga 6
366408344,10.7986889,106.6496787,6,Duong nho,Nga 6
366409251,10.7916421,106.6508178,4,Hem/Ngo,Nga tu
366409261,10.8003236,106.6473307,6,Duong lon,Nga 6
366409336,10.8004617,106.6525379,6,Duong nho,Nga 6
366410821,10.8157466,106.6686619,4,Duong lon,Nga tu
366410861,10.7988459,106.6621288,6,Duong lon,Nga 6
366411420,10.7883368,106.6466569,4,Duong lon,Nga tu
366412678,10.8005747,106.651,8,Duong nho,Nga 8
366414715,10.7846817,106.656818,8,Duong nho,Nga 8
366415275,10.7857018,106.6564143,6,Duong nho,Nga 6
366415511,10.789851,106.6474284,4,Duong lon,Nga tu
366415550,10.7822249,106.6429528,6,Duong lon,Nga 6
366418205,10.782943,106.648662,6,Hem/Ngo,Nga 6
366418292,10.7796572,106.6555118,4,Duong lon,Nga tu
366418376,10.8090255,106.6500811,2,Duong lon,Duong thang
366418699,10.7774093,106.6525121,6,Hem/Ngo,Nga 6
366418858,10.7945909,106.6501322,4,Duong lon,Nga tu
366419588,10.7833756,106.6580153,6,Duong nho,Nga 6
366419728,10.7949943,106.6635751,6,Duong lon,Nga 6
366419791,10.8066895,106.6694397,6,Hem/Ngo,Nga 6
366420266,10.8276117,106.6403468,6,Duong nho,Nga 6
366420561,10.806515,106.6350231,2,Duong lon,Duong thang
366420809,10.7852283,106.6546489,6,Duong nho,Nga 6
366421489,10.7823428,106.644249,6,Hem/Ngo,Nga 6
366423994,10.8144304,106.67014,6,Duong lon,Nga 6
366425070,10.8001426,106.6497854,8,Duong nho,Nga 8
366425158,10.7981765,106.6496411,6,Duong nho,Nga 6
366426004,10.8017494,106.665673,3,Duong lon,Nga ba
366426153,10.7895131,106.6471563,6,Duong lon,Nga 6
366426166,10.7822502,106.643603,6,Hem/Ngo,Nga 6
366426340,10.7888475,106.6561425,6,Duong lon,Nga 6
366426580,10.8014102,106.6526218,4,Duong lon,Nga tu
366426616,10.8048489,106.6635388,6,Hem/Ngo,Nga 6
366426889,10.8000137,106.6592676,6,Duong lon,Nga 6
366426995,10.7929276,106.6462175,2,Duong nho,Duong thang
366427287,10.8059767,106.6682045,4,Duong lon,Nga tu
366427592,10.8046808,106.6409754,6,Duong nho,Nga 6
366427795,10.8177729,106.6737006,2,Duong lon,Duong thang
366428142,10.8041723,106.6458803,6,Duong nho,Nga 6
366428555,10.8151008,106.6700524,6,Duong lon,Nga 6
366428976,10.7933252,106.6401827,5,Duong lon,Nga 5
366429593,10.8172106,106.6722666,4,Duong lon,Nga tu
366430300,10.783832,106.655615,6,Duong nho,Nga 6
366430703,10.7865865,106.6529364,6,Duong lon,Nga 6
366431110,10.8044603,106.6610828,6,Duong lon,Nga 6
366432089,10.78379,106.6467205,6,Duong lon,Nga 6
366432734,10.7859833,106.6593011,6,Duong nho,Nga 6
366433451,10.7879852,106.6465244,3,Duong lon,Nga ba
366435681,10.7843266,106.6460145,6,Duong lon,Nga 6
366435881,10.7927371,106.6661387,2,Hem/Ngo,Duong thang
366437295,10.7972934,106.6642136,6,Duong lon,Nga 6
366437817,10.7871772,106.6527782,8,Duong nho,Nga 8
366438456,10.7812978,106.6536095,6,Duong nho,Nga 6
366438688,10.8060159,106.6445074,8,Duong nho,Nga 8
366438769,10.785053,106.653975,4,Duong lon,Nga tu
366438848,10.8047968,106.6664834,7,Duong lon,Nga 7
366439050,10.8126418,106.662731,2,Khong xac dinh,Duong thang
366439442,10.7763253,106.6531092,6,Hem/Ngo,Nga 6
366439522,10.8045155,106.6426147,6,Duong nho,Nga 6
366439908,10.7926994,106.6419405,6,Duong lon,Nga 6
366440114,10.8161004,106.669495,6,Duong lon,Nga 6
366440249,10.8045691,106.6477045,6,Duong lon,Nga 6
366440317,10.791312,106.6437566,8,Duong lon,Nga 8
366440637,10.8052982,106.6613206,6,Duong lon,Nga 6
366440962,10.7775746,106.6516477,2,Hem/Ngo,Duong thang
366442820,10.790324,106.6467892,6,Duong lon,Nga 6
366442969,10.790551,106.6411109,6,Duong lon,Nga 6
366443053,10.794888,106.646202,6,Duong nho,Nga 6
366443267,10.8185726,106.6332344,8,Duong nho,Nga 8
366444066,10.7953354,106.6659531,2,Hem/Ngo,Duong thang
366444740,10.8007344,106.6600827,3,Duong lon,Nga ba
366445008,10.7957356,106.6510668,6,Duong lon,Nga 6
366445199,10.7883419,106.6565553,6,Duong lon,Nga 6
366445441,10.8255744,106.6308082,6,Duong lon,Nga 6
366445567,10.7969902,106.6541743,6,Duong lon,Nga 6
366446221,10.7866925,106.656854,6,Duong nho,Nga 6
366446583,10.7935512,106.6446826,8,Duong lon,Nga 8
366446625,10.7869453,106.6541538,8,Duong lon,Nga 8
366446735,10.7986257,106.6508395,6,Duong nho,Nga 6
366447189,10.8251934,106.6347844,6,Duong nho,Nga 6
366447742,10.7951675,106.6407076,6,Duong lon,Nga 6
366448615,10.7935493,106.667296,4,Hem/Ngo,Nga tu
366449665,10.8158311,106.6720922,4,Hem/Ngo,Nga tu
366449867,10.7831076,106.6604158,6,Duong nho,Nga 6
366450379,10.796063,106.6565522,2,Duong lon,Duong thang
366450465,10.7968634,106.6585971,4,Duong lon,Nga tu
366450497,10.8045685,106.6642764,3,Hem/Ngo,Nga ba
366450557,10.7937408,106.642383,8,Duong lon,Nga 8
366451136,10.7908574,106.6572106,6,Duong lon,Nga 6
366451985,10.8226463,106.6322775,6,Duong nho,Nga 6
366452028,10.8000503,106.6509568,8,Duong nho,Nga 8
366452230,10.7848174,106.6587981,6,Duong nho,Nga 6
366452464,10.7996556,106.6497498,6,Duong nho,Nga 6
366453189,10.7924989,106.6557475,6,Duong nho,Nga 6
366453810,10.8039521,106.6609465,6,Duong lon,Nga 6
366453872,10.777524,106.6512296,2,Hem/Ngo,Duong thang
366454779,10.798109,106.650797,6,Duong nho,Nga 6
366454807,10.7848379,106.6578031,6,Duong nho,Nga 6
366455528,10.8048781,106.6444067,8,Hem/Ngo,Nga 8
366455540,10.7869927,106.6521464,8,Duong nho,Nga 8
366455587,10.7903873,106.6565306,6,Hem/Ngo,Nga 6
366455701,10.8037255,106.6623099,4,Hem/Ngo,Nga tu
366456001,10.8082971,106.6654911,6,Duong nho,Nga 6
366456448,10.8201289,106.6360194,6,Duong nho,Nga 6
366457709,10.7779172,106.6457279,2,Hem/Ngo,Duong thang
366457740,10.7874599,106.6560198,6,Duong lon,Nga 6
366457909,10.8006649,106.649824,6,Duong nho,Nga 6
366457962,10.8231706,106.6357429,6,Duong nho,Nga 6
366457990,10.7941863,106.6545429,4,Duong lon,Nga tu
366458128,10.8262248,106.6343135,6,Duong nho,Nga 6
366458681,10.7851448,106.6521227,6,Duong nho,Nga 6
366459519,10.791059,106.651149,6,Duong nho,Nga 6
366459640,10.7847704,106.6608308,2,Duong nho,Duong thang
366460195,10.7893893,106.6517262,6,Duong lon,Nga 6
366461628,10.7991752,106.6497145,6,Duong nho,Nga 6
366461736,10.8010274,106.6570556,2,Duong lon,Duong thang
366462099,10.8002351,106.6671401,2,Duong lon,Duong thang
366462993,10.7984631,106.6626441,6,Duong lon,Nga 6
366463142,10.7928195,106.639622,4,Duong lon,Nga tu
366463324,10.789733,106.6430913,6,Duong lon,Nga 6
366463772,10.7884143,106.6511045,6,Duong lon,Nga 6
366463782,10.7921719,106.641726,6,Duong lon,Nga 6
366465023,10.7894617,106.6553094,6,Hem/Ngo,Nga 6
366465247,10.7905378,106.650269,6,Duong nho,Nga 6
366466331,10.7868555,106.6560504,6,Duong nho,Nga 6
366466459,10.8010844,106.6510647,6,Duong nho,Nga 6
366466506,10.7893358,106.6429239,6,Duong lon,Nga 6
366466560,10.7792145,106.6465914,6,Duong nho,Nga 6
366466765,10.8169753,106.6716763,4,Duong lon,Nga tu
366467118,10.8154722,106.6741777,6,Hem/Ngo,Nga 6
366467129,10.8018232,106.6474685,6,Duong lon,Nga 6
366467140,10.8131172,106.6700314,4,Duong lon,Nga tu
366467234,10.7778614,106.6521478,6,Hem/Ngo,Nga 6
366468721,10.8097866,106.6655974,6,Duong nho,Nga 6
366468793,10.7821635,106.6442056,6,Hem/Ngo,Nga 6
366469243,10.7918055,106.6553787,6,Duong lon,Nga 6
366469267,10.7846013,106.6458061,6,Duong lon,Nga 6
366470264,10.804501,106.6689807,2,Duong nho,Duong thang
366471478,10.8015394,106.6511178,4,Duong lon,Nga tu
366472643,10.7938886,106.6584082,6,Duong nho,Nga 6
366472742,10.7951185,106.667152,6,Duong lon,Nga 6
366472852,10.7929034,106.6444245,8,Duong lon,Nga 8
366473083,10.8166013,106.6362252,6,Duong lon,Nga 6
366473550,10.7854651,106.6455863,6,Duong lon,Nga 6
366474304,10.7854177,106.6593407,6,Duong nho,Nga 6
366474550,10.7934144,106.6402079,5,Duong lon,Nga 5
366474984,10.7952503,106.6669823,6,Duong lon,Nga 6
366475372,10.7999295,106.6524909,6,Duong nho,Nga 6
366475467,10.8147161,106.6701518,6,Duong lon,Nga 6
366476092,10.7910067,106.6569184,6,Duong lon,Nga 6
366477181,10.783532,106.648631,6,Duong lon,Nga 6
366477349,10.792289,106.6556387,6,Duong nho,Nga 6
366477577,10.7908335,106.6552359,6,Hem/Ngo,Nga 6
366478073,10.7944253,106.6404958,6,Duong lon,Nga 6
366478479,10.7991038,106.6508789,6,Duong nho,Nga 6
366478512,10.8323388,106.6339538,4,Duong lon,Nga tu
366478685,10.8281524,106.6412289,6,Duong lon,Nga 6
366478733,10.7983079,106.6676208,6,Duong lon,Nga 6
366479179,10.7976585,106.6507599,6,Duong nho,Nga 6
366479342,10.80717,106.6627897,6,Duong nho,Nga 6
411919189,10.7902133,106.6665159,2,Duong lon,Duong thang
411920930,10.7873665,106.6638,5,Duong lon,Nga 5
676568903,10.8059074,106.6645278,4,Duong lon,Nga tu
676568905,10.8079681,106.6646812,4,Duong lon,Nga tu
676568906,10.8094886,106.6648221,4,Duong lon,Nga tu
698217151,10.8033688,106.6649035,3,Hem/Ngo,Nga ba
726686187,10.7930152,106.6593652,3,Duong lon,Nga ba
726686195,10.7906099,106.6656244,3,Duong lon,Nga ba
726686203,10.7914522,106.6622527,3,Duong lon,Nga ba
726686207,10.7918518,106.6623978,3,Duong lon,Nga ba
741845249,10.8142683,106.670137,6,Duong lon,Nga 6
759599258,10.8130444,106.6650064,3,Duong lon,Nga ba
1335443467,10.8066514,106.6644313,4,Hem/Ngo,Nga tu
1349033432,10.7807522,106.6588381,2,Duong lon,Duong thang
1404352840,10.8003005,106.6611255,3,Duong lon,Nga ba
1404352928,10.8041459,106.6641762,4,Hem/Ngo,Nga tu
1404352949,10.8058031,106.6690676,2,Hem/Ngo,Duong thang
1404352951,10.8062151,106.669114,6,Hem/Ngo,Nga 6
1404352952,10.8063392,106.6682724,6,Duong lon,Nga 6
1404352953,10.8067273,106.6691717,6,Hem/Ngo,Nga 6
1404352954,10.8068395,106.6697671,2,Hem/Ngo,Duong thang
1404352955,10.8068516,106.6683648,6,Duong lon,Nga 6
1404352957,10.8075742,106.6695278,4,Hem/Ngo,Nga tu
1409491216,10.8004218,106.6608314,3,Duong lon,Nga ba
1409491228,10.8006063,106.6611353,3,Duong lon,Nga ba
1409491230,10.8006232,106.6615765,3,Duong lon,Nga ba
1409491234,10.8006172,106.6610366,3,Duong lon,Nga ba
1409491253,10.8024062,106.6605229,6,Duong lon,Nga 6
1409491262,10.8028917,106.6574338,2,Duong nho,Duong thang
1525911386,10.7836457,106.654378,4,Duong lon,Nga tu
1532298369,10.798685,106.6613483,6,Duong nho,Nga 6
1606180421,10.7778562,106.6501352,6,Hem/Ngo,Nga 6
1606180426,10.7782335,106.6501373,6,Hem/Ngo,Nga 6
1606180427,10.778242,106.6511008,6,Hem/Ngo,Nga 6
1606180443,10.7788738,106.653683,2,Hem/Ngo,Duong thang
1606180505,10.7801239,106.6499427,6,Duong lon,Nga 6
1606180508,10.7801495,106.6517056,2,Hem/Ngo,Duong thang
1606180526,10.7806527,106.6499781,6,Duong lon,Nga 6
1894612406,10.7987291,106.6622809,2,Duong lon,Duong thang
1894612445,10.7987607,106.6624306,2,Duong lon,Duong thang
1894612450,10.7988099,106.6625052,6,Duong lon,Nga 6
2061032822,10.7951495,106.655532,2,Duong lon,Duong thang
2061032831,10.7901446,106.6523327,2,Duong lon,Duong thang
2072605101,10.8151353,106.6629684,2,Khong xac dinh,Duong thang
2072605114,10.8160458,106.6657673,3,Duong lon,Nga ba
2072605147,10.814183,106.664148,3,Duong lon,Nga ba
2072605163,10.8160811,106.6654762,2,Duong lon,Duong thang
2072605211,10.815171,106.6658042,2,Duong lon,Duong thang
2072605244,10.813464,106.6655598,3,Duong lon,Nga ba
2072605305,10.8120202,106.6649078,3,Duong lon,Nga ba
2072605326,10.8151492,106.6630832,2,Duong lon,Duong thang
2072605346,10.8124595,106.6649379,4,Duong lon,Nga tu
2072605371,10.8161396,106.6658101,3,Duong lon,Nga ba
2074208764,10.8124437,106.6651622,3,Duong lon,Nga ba
2077773648,10.8087362,106.6667478,8,Duong nho,Nga 8
2077773654,10.8080568,106.6665497,6,Duong nho,Nga 6
2077773659,10.8108099,106.6682602,6,Duong nho,Nga 6
2077773670,10.8067843,106.6633495,2,Hem/Ngo,Duong thang
2077773680,10.8067315,106.6653528,6,Duong nho,Nga 6
2077773723,10.8073324,106.6644903,4,Hem/Ngo,Nga tu
2077773728,10.8047981,106.6645989,4,Duong lon,Nga tu
2077773747,10.805017,106.6623804,6,Duong nho,Nga 6
2077773754,10.8058184,106.6656717,6,Duong nho,Nga 6
2077773757,10.8057957,106.6617581,2,Duong nho,Duong thang
2077773762,10.8061543,106.6620523,2,Duong nho,Duong thang
2077773763,10.8088849,106.665545,6,Duong nho,Nga 6
2077773766,10.8063177,106.6645578,4,Duong lon,Nga tu
2077773809,10.8085785,106.6675873,2,Duong nho,Duong thang
2077773816,10.8067969,106.6645991,4,Duong lon,Nga tu
2077773834,10.8055341,106.66294,6,Duong nho,Nga 6
2077773856,10.8077643,106.6654413,6,Duong nho,Nga 6
2077773861,10.8126207,106.6670822,6,Duong nho,Nga 6
2077773883,10.8094031,106.6667917,6,Duong nho,Nga 6
2077773893,10.807993,106.6648589,6,Duong nho,Nga 6
2077773901,10.8132305,106.6684544,5,Duong lon,Nga 5
2077773903,10.8067533,106.6666434,2,Duong nho,Duong thang
2077773910,10.8070134,106.6678151,6,Duong nho,Nga 6
2077773917,10.8047988,106.6642959,3,Duong lon,Nga ba
2077773923,10.8047978,106.66508,4,Duong nho,Nga tu
2077773925,10.8124968,106.6683955,6,Duong nho,Nga 6
2077773957,10.8066608,106.6670343,6,Duong nho,Nga 6
2077773961,10.8072824,106.6677456,2,Hem/Ngo,Duong thang
2077773962,10.805206,106.6639009,2,Hem/Ngo,Duong thang
2077773966,10.8067572,106.666078,6,Duong nho,Nga 6
2077773968,10.8060782,106.6668914,6,Duong lon,Nga 6
2077773983,10.8071146,106.6671625,6,Duong nho,Nga 6
2077774009,10.8035256,106.6667982,4,Duong nho,Nga tu
2077774017,10.8040105,106.6671732,2,Duong nho,Duong thang
2077774019,10.8067589,106.6657668,2,Duong nho,Duong thang
2077774020,10.8081807,106.6665825,6,Duong nho,Nga 6
2078950324,10.7973117,106.647329,6,Duong nho,Nga 6
2078950342,10.7964001,106.6507225,8,Hem/Ngo,Nga 8
2078950345,10.7959848,106.649421,2,Duong nho,Duong thang
2078950355,10.798098,106.6518612,2,Duong nho,Duong thang
2078950386,10.8035791,106.6587127,2,Duong nho,Duong thang
2078950404,10.7974877,106.6479055,6,Duong nho,Nga 6
2078950406,10.7957904,106.6502526,2,Duong nho,Duong thang
2078950442,10.8034312,106.6591935,6,Duong nho,Nga 6
2078950456,10.7979767,106.6491958,2,Duong nho,Duong thang
2078950513,10.8017637,106.6481683,4,Hem/Ngo,Nga tu
2078950581,10.8007256,106.6495553,8,Duong nho,Nga 8
2078950617,10.8009853,106.6473889,8,Duong lon,Nga 8
2078950667,10.8043801,106.6595161,8,Duong nho,Nga 8
2078950712,10.8001655,106.6494947,6,Duong nho,Nga 6
2078950755,10.7980701,106.6522148,2,Duong nho,Duong thang
2078950776,10.7981956,106.650804,6,Duong nho,Nga 6
2078950811,10.797365,106.6470631,6,Duong lon,Nga 6
2078950839,10.8007166,106.6477029,6,Duong nho,Nga 6
2078950884,10.8015846,106.6487005,2,Duong nho,Duong thang
2078950886,10.8016374,106.6496541,4,Duong lon,Nga tu
2078950887,10.7976879,106.6502283,6,Duong nho,Nga 6
2078950890,10.7977469,106.6507672,6,Duong nho,Nga 6
2078950901,10.7967282,106.6489786,6,Duong nho,Nga 6
2078950904,10.7980426,106.6479256,6,Duong nho,Nga 6
2078950911,10.7963266,106.6487582,6,Duong nho,Nga 6
2078950946,10.8045349,106.6590397,2,Duong nho,Duong thang
2078950966,10.8002954,106.6480073,6,Duong nho,Nga 6
2078951000,10.7981752,106.6523358,2,Duong nho,Duong thang
2078951025,10.79683,106.6505347,6,Hem/Ngo,Nga 6
2079964001,10.8087581,106.6343929,3,Duong lon,Nga ba
2079964008,10.8068643,106.6484558,4,Hem/Ngo,Nga tu
2079964012,10.8073303,106.6348602,3,Duong lon,Nga ba
2079964021,10.8057387,106.6473485,6,Duong nho,Nga 6
2079964023,10.8025349,106.6448167,2,Hem/Ngo,Duong thang
2079964031,10.8082616,106.6471205,8,Hem/Ngo,Nga 8
2079964032,10.7978645,106.6440313,4,Duong lon,Nga tu
2079964048,10.8004042,106.6445931,6,Duong nho,Nga 6
2079964070,10.8078844,106.6401743,6,Duong nho,Nga 6
2079964100,10.8077631,106.6446563,6,Duong nho,Nga 6
2079964115,10.8028928,106.6458012,6,Duong nho,Nga 6
2079964120,10.8000822,106.6415693,5,Duong nho,Nga 5
2079964128,10.8093265,106.6459661,6,Hem/Ngo,Nga 6
2079964138,10.8009715,106.6431138,6,Duong nho,Nga 6
2079964143,10.8075674,106.646611,6,Duong nho,Nga 6
2079964153,10.8094846,106.6456388,2,Hem/Ngo,Duong thang
2079964159,10.8047696,106.6456154,6,Duong nho,Nga 6
2079964161,10.8093739,106.6456388,8,Hem/Ngo,Nga 8
2079964163,10.808215,106.6475622,8,Hem/Ngo,Nga 8
2079964167,10.8032382,106.6451762,6,Hem/Ngo,Nga 6
2079964176,10.8028606,106.6386974,2,Duong lon,Duong thang
2079964179,10.8024829,106.6454048,8,Hem/Ngo,Nga 8
2079964184,10.8016163,106.6516771,4,Hem/Ngo,Nga tu
2079964196,10.8023922,106.6517543,2,Hem/Ngo,Duong thang
2079964211,10.8027532,106.647549,6,Duong lon,Nga 6
2079964219,10.7998935,106.6402394,4,Duong lon,Nga tu
2079964221,10.8019783,106.645644,3,Duong lon,Nga ba
2079964227,10.8075197,106.6470438,6,Duong nho,Nga 6
2079964235,10.8021529,106.6453673,4,Hem/Ngo,Nga tu
2079964237,10.8069026,106.6479308,6,Duong lon,Nga 6
2079964242,10.8049484,106.6432954,6,Hem/Ngo,Nga 6
2079964248,10.8081636,106.6480085,6,Duong lon,Nga 6
2079964257,10.8066478,106.64745,8,Duong nho,Nga 8
2079964264,10.8030406,106.6424277,6,Duong nho,Nga 6
2079964266,10.8016483,106.64513,6,Duong nho,Nga 6
2079964270,10.8055959,106.6441583,2,Hem/Ngo,Duong thang
2079964278,10.8028288,106.6457972,6,Duong nho,Nga 6
2079964288,10.8021792,106.6434395,4,Duong lon,Nga tu
2079964295,10.8030737,106.6443761,2,Duong nho,Duong thang
2079964299,10.8094512,106.6450718,6,Hem/Ngo,Nga 6
2079964301,10.802906,106.6433831,2,Hem/Ngo,Duong thang
2079964307,10.8098117,106.6448789,4,Duong lon,Nga tu
2079964309,10.8026736,106.6384427,4,Hem/Ngo,Nga tu
2079964317,10.806066,106.6439299,6,Duong nho,Nga 6
2079964322,10.802122,106.6457471,4,Duong lon,Nga tu
2079964336,10.8067339,106.646605,6,Duong nho,Nga 6
2079964337,10.8069336,106.644582,6,Duong nho,Nga 6
2079964338,10.8035627,106.645485,6,Hem/Ngo,Nga 6
2079964346,10.8029441,106.6430988,6,Hem/Ngo,Nga 6
2079964372,10.8036462,106.6445874,2,Hem/Ngo,Duong thang
2079964376,10.8024499,106.6457738,6,Duong nho,Nga 6
2079964388,10.8095088,106.6444954,4,Hem/Ngo,Nga tu
2079964403,10.8034106,106.6380592,3,Duong lon,Nga ba
2079964413,10.8052423,106.6464879,6,Duong nho,Nga 6
2079964419,10.8015866,106.6450339,4,Duong nho,Nga tu
2079964421,10.8027632,106.6443479,6,Duong nho,Nga 6
2079964423,10.801369,106.6545554,6,Duong lon,Nga 6
2079964439,10.8059072,106.6456847,8,Duong nho,Nga 8
2079964448,10.8083142,106.6466863,6,Hem/Ngo,Nga 6
2079964449,10.802864,106.6454331,8,Hem/Ngo,Nga 8
2079964455,10.8049141,106.6437998,6,Hem/Ngo,Nga 6
2079964463,10.8076527,106.6458369,6,Duong nho,Nga 6
2079964469,10.8027163,106.6447644,2,Hem/Ngo,Duong thang
2079964482,10.8074815,106.6474925,6,Duong nho,Nga 6
2079964505,10.8064916,106.6445501,6,Duong nho,Nga 6
2079964511,10.806375,106.6457279,6,Duong nho,Nga 6
2079964515,10.8053009,106.6456388,8,Hem/Ngo,Nga 8
2079964536,10.8023857,106.6423344,4,Duong lon,Nga tu
2079964544,10.8058305,106.6465283,8,Duong nho,Nga 8
2079964557,10.7994453,106.647261,6,Duong lon,Nga 6
2079964566,10.8067967,106.6493839,4,Hem/Ngo,Nga tu
2079964589,10.806817,106.6457687,6,Duong nho,Nga 6
2079964605,10.8065965,106.6479018,6,Duong lon,Nga 6
2079964636,10.8031819,106.645819,6,Duong nho,Nga 6
2079964643,10.8046874,106.6464498,6,Duong nho,Nga 6
2079964645,10.8029243,106.644802,2,Hem/Ngo,Duong thang
2079964647,10.8094601,106.6448384,8,Hem/Ngo,Nga 8
2079964667,10.8049863,106.6426789,6,Duong nho,Nga 6
2079964673,10.8025841,106.6399199,4,Duong lon,Nga tu
2079964695,10.802906,106.6502066,2,Hem/Ngo,Duong thang
2079964709,10.807722,106.6451424,6,Duong nho,Nga 6
2079964712,10.8043285,106.6432699,2,Hem/Ngo,Duong thang
2079964714,10.8032135,106.6454591,8,Hem/Ngo,Nga 8
2079964721,10.8032774,106.6447269,2,Hem/Ngo,Duong thang
2079964729,10.8051585,106.6473031,2,Duong nho,Duong thang
2079964736,10.8068851,106.6450819,6,Duong nho,Nga 6
2079964744,10.7994043,106.6411471,4,Duong lon,Nga tu
2079964745,10.8076882,106.6454957,6,Duong nho,Nga 6
2079964765,10.7987792,106.6455289,2,Hem/Ngo,Duong thang
2079964787,10.8015387,106.6525833,4,Duong lon,Nga tu
2079964793,10.7979344,106.6471199,6,Duong lon,Nga 6
2079964822,10.8060381,106.6442151,6,Duong nho,Nga 6
2079964845,10.8035296,106.6458405,6,Duong nho,Nga 6
2079964848,10.8076148,106.6461801,6,Duong nho,Nga 6
2079964853,10.8025149,106.6407373,4,Duong lon,Nga tu
2079964874,10.8232486,106.6295638,3,Duong lon,Nga ba
2079964876,10.8016867,106.6508557,4,Hem/Ngo,Nga tu
2079964886,10.8022795,106.6436473,4,Hem/Ngo,Nga tu
2079964894,10.8024444,106.641609,4,Duong lon,Nga tu
2079964928,10.8077311,106.6450423,6,Duong nho,Nga 6
2079964930,10.8061106,106.6434253,6,Duong nho,Nga 6
2079964945,10.8022271,106.6442946,4,Duong lon,Nga tu
2079964950,10.8092738,106.6467811,2,Hem/Ngo,Duong thang
2079964957,10.8008272,106.6608707,3,Duong lon,Nga ba
2079964958,10.8092066,106.6472344,2,Hem/Ngo,Duong thang
2079964972,10.8042223,106.6438904,2,Hem/Ngo,Duong thang
2079964991,10.8008406,106.6606981,4,Duong lon,Nga tu
2079964992,10.8026442,106.6509422,2,Hem/Ngo,Duong thang
2081354638,10.8047516,106.6396152,6,Duong nho,Nga 6
2081354651,10.8049532,106.6419733,6,Duong nho,Nga 6
2081354689,10.8053904,106.6368435,4,Duong lon,Nga tu
2081354760,10.8053293,106.6409549,4,Duong nho,Nga tu
2081354772,10.8046287,106.6396345,6,Duong nho,Nga 6
2081354790,10.8044625,106.6417308,6,Duong nho,Nga 6
2081354827,10.8046443,106.6417512,4,Duong nho,Nga tu
2081354980,10.8046063,106.6387079,6,Duong nho,Nga 6
2081354987,10.8074305,106.6389984,4,Duong lon,Nga tu
2081355109,10.8059442,106.6394383,6,Duong nho,Nga 6
2081355110,10.8007485,106.6386407,2,Duong lon,Duong thang
2081355123,10.8049623,106.6410064,4,Duong nho,Nga tu
2081355156,10.8016085,106.6444961,2,Hem/Ngo,Duong thang
2081355334,10.8045518,106.6409613,6,Duong nho,Nga 6
2081753657,10.7984667,106.6574247,2,Hem/Ngo,Duong thang
2081753710,10.7986224,106.6576869,6,Hem/Ngo,Nga 6
2081753722,10.7988697,106.6581032,6,Duong lon,Nga 6
2081753814,10.7984172,106.6600495,2,Duong nho,Duong thang
2081753848,10.7994126,106.6591494,2,Hem/Ngo,Duong thang
2081880899,10.7975239,106.6620347,6,Hem/Ngo,Nga 6
2081880905,10.7932489,106.6589739,4,Duong lon,Nga tu
2081880946,10.7976556,106.6623934,6,Duong nho,Nga 6
2081880982,10.7964989,106.6596947,4,Duong nho,Nga tu
2081880983,10.7949334,106.6573514,6,Duong nho,Nga 6
2081881127,10.7959372,106.6587708,8,Hem/Ngo,Nga 8
2081881159,10.7960869,106.659591,4,Duong nho,Nga tu
2081881176,10.7976401,106.6600206,2,Hem/Ngo,Duong thang
2081881205,10.7971775,106.6592454,8,Hem/Ngo,Nga 8
2081881207,10.7965818,106.6599464,4,Hem/Ngo,Nga tu
2081881214,10.7966801,106.6637395,2,Hem/Ngo,Duong thang
2081881295,10.7946184,106.6633127,6,Duong lon,Nga 6
2081881347,10.7967601,106.658613,8,Hem/Ngo,Nga 8
2081881352,10.7935223,106.6593716,3,Duong lon,Nga ba
2081881425,10.7963868,106.6595231,4,Hem/Ngo,Nga tu
2081881449,10.7975098,106.6598023,6,Hem/Ngo,Nga 6
2081881504,10.7963486,106.6612967,2,Duong nho,Duong thang
2081881519,10.7946979,106.6574313,6,Duong nho,Nga 6
2081881546,10.7954269,106.6624499,2,Hem/Ngo,Duong thang
2081907928,10.8021049,106.6654374,3,Duong lon,Nga ba
2081907930,10.7999838,106.667941,4,Hem/Ngo,Nga tu
2081907948,10.8002643,106.6668124,2,Duong lon,Duong thang
2082378083,10.8068534,106.6353205,3,Duong lon,Nga ba
2082380606,10.7949948,106.6553732,2,Duong lon,Duong thang
2082380630,10.7946471,106.6550162,2,Duong lon,Duong thang
2082380642,10.7955287,106.6556162,2,Duong lon,Duong thang
2084677836,10.7960975,106.6393944,4,Hem/Ngo,Nga tu
2084677871,10.796362,106.6397005,4,Hem/Ngo,Nga tu
2084677893,10.7977136,106.6398708,6,Hem/Ngo,Nga 6
2084677907,10.797238,106.6399148,6,Hem/Ngo,Nga 6
2084677921,10.8011714,106.6378545,4,Hem/Ngo,Nga tu
2084677937,10.7976693,106.6395694,4,Hem/Ngo,Nga tu
2084678017,10.7976208,106.6392393,4,Hem/Ngo,Nga tu
2084678065,10.7968175,106.6412303,6,Duong lon,Nga 6
2084678175,10.7948232,106.6427843,6,Duong lon,Nga 6
2084678223,10.7994735,106.6403551,2,Hem/Ngo,Duong thang
2091954750,10.8215524,106.6305476,4,Duong lon,Nga tu
2091954761,10.8233196,106.6296284,4,Duong lon,Nga tu
2091954789,10.8231795,106.6297597,4,Duong lon,Nga tu
2091954798,10.8137406,106.6328984,6,Duong lon,Nga 6
2091954812,10.814075,106.6326949,3,Duong lon,Nga ba
2091954818,10.8205927,106.6308154,2,Duong lon,Duong thang
2091954823,10.8231057,106.6296937,3,Duong lon,Nga ba
2091954872,10.8140372,106.6327928,4,Duong lon,Nga tu
2091954882,10.8137018,106.6327923,4,Duong lon,Nga tu
2091954888,10.8234859,106.6297652,5,Duong nho,Nga 5
2091954911,10.82347,106.629476,4,Duong lon,Nga tu
2091954930,10.8241397,106.6287604,3,Duong nho,Nga ba
2091954937,10.8240563,106.6286802,3,Duong nho,Nga ba
2115199004,10.7944966,106.6680258,4,Hem/Ngo,Nga tu
2146838335,10.7941434,106.6677537,6,Hem/Ngo,Nga 6
2146838339,10.8019803,106.6474861,6,Duong lon,Nga 6
2214339206,10.8057317,106.6667407,6,Duong lon,Nga 6
2214355194,10.807788,106.6685336,4,Duong lon,Nga tu
2214355200,10.8096386,106.6681746,2,Duong nho,Duong thang
2233725522,10.7843206,106.6541855,6,Duong nho,Nga 6
2233730987,10.785619,106.6538148,6,Duong nho,Nga 6
2233730990,10.7858061,106.6544823,8,Duong nho,Nga 8
2233731931,10.7873303,106.6533221,4,Duong lon,Nga tu
2233747323,10.7924023,106.6530406,3,Duong lon,Nga ba
2233747331,10.7925598,106.6531271,2,Duong lon,Duong thang
2233747342,10.7930924,106.6529851,2,Duong lon,Duong thang
2233748938,10.7933267,106.6536371,2,Duong lon,Duong thang
2233756575,10.7940428,106.6543956,3,Duong lon,Nga ba
2233772196,10.7931829,106.6536971,2,Duong lon,Duong thang
2233791271,10.7915915,106.6526603,4,Duong lon,Nga tu
2233808761,10.7784392,106.6558538,3,Duong lon,Nga ba
2247569946,10.8235301,106.6292522,3,Duong lon,Nga ba
2247569948,10.8198821,106.6310435,4,Duong lon,Nga tu
2251563381,10.8212007,106.6379947,2,Duong nho,Duong thang
2251580179,10.8205646,106.6307318,2,Duong lon,Duong thang
2251580188,10.823594,106.6382367,2,Hem/Ngo,Duong thang
2276520093,10.8035279,106.6389011,2,Hem/Ngo,Duong thang
2288699449,10.795938,106.656421,6,Duong nho,Nga 6
2288699452,10.7977866,106.6582552,4,Hem/Ngo,Nga tu
2288699454,10.7959869,106.6563743,4,Duong lon,Nga tu
2288699455,10.7993894,106.6599018,4,Hem/Ngo,Nga tu
2288699458,10.797832,106.6569141,2,Hem/Ngo,Duong thang
2288699459,10.7989932,106.6594778,4,Hem/Ngo,Nga tu
2288699460,10.7961093,106.6565026,2,Duong lon,Duong thang
2288699462,10.7971482,106.6575911,4,Hem/Ngo,Nga tu
2289930265,10.7844617,106.6541438,4,Duong lon,Nga tu
2289930268,10.7854605,106.653249,6,Duong nho,Nga 6
2289930269,10.7849065,106.6534241,8,Duong nho,Nga 8
2289930271,10.7841505,106.6536317,8,Duong nho,Nga 8
2289930569,10.78819,106.6525073,8,Duong nho,Nga 8
2289952382,10.7983233,106.6674675,6,Duong lon,Nga 6
2299409156,10.7836615,106.6544537,4,Duong lon,Nga tu
2299409157,10.7893421,106.6528315,4,Hem/Ngo,Nga tu
2299409160,10.7856393,106.6538871,6,Duong nho,Nga 6
2299409166,10.7883308,106.6530359,6,Duong nho,Nga 6
2299409167,10.7813144,106.6551248,4,Duong lon,Nga tu
2299409179,10.7781816,106.6560266,2,Duong lon,Duong thang
2299416635,10.784746,106.6528203,8,Duong nho,Nga 8
2299416638,10.7862141,106.6516168,6,Duong lon,Nga 6
2299419525,10.7843402,106.6542555,4,Duong lon,Nga tu
2299421650,10.7863952,106.6543124,6,Duong nho,Nga 6
2325185441,10.7835405,106.6486996,6,Duong lon,Nga 6
2325185442,10.7826703,106.6462883,2,Hem/Ngo,Duong thang
2325185443,10.7830039,106.6461581,6,Hem/Ngo,Nga 6
2325185446,10.783583,106.6475376,8,Hem/Ngo,Nga 8
2325185448,10.7827796,106.6447413,6,Hem/Ngo,Nga 6
2325185451,10.7820427,106.6462867,2,Hem/Ngo,Duong thang
2325187743,10.7841236,106.6423112,6,Duong lon,Nga 6
2325187751,10.7847781,106.6446244,8,Duong nho,Nga 8
2325187771,10.7844664,106.6445458,6,Hem/Ngo,Nga 6
2325193856,10.7840996,106.6453697,6,Hem/Ngo,Nga 6
2325193860,10.7840194,106.6448917,2,Hem/Ngo,Duong thang
2325193866,10.7844795,106.6458633,6,Duong lon,Nga 6
2332690796,10.7909411,106.6627844,6,Duong nho,Nga 6
2332690800,10.7899992,106.6631357,6,Hem/Ngo,Nga 6
2332690802,10.7912703,106.6618919,6,Duong lon,Nga 6
2332690810,10.7910734,106.6643242,4,Hem/Ngo,Nga tu
2332690812,10.790614,106.6634121,6,Duong nho,Nga 6
2332690818,10.7902469,106.6625287,6,Hem/Ngo,Nga 6
2332690822,10.7900078,106.6637949,6,Hem/Ngo,Nga 6
2332690830,10.7895956,106.6635886,2,Hem/Ngo,Duong thang
2332690842,10.7905235,106.6626585,6,Hem/Ngo,Nga 6
2332690848,10.7913725,106.6619325,6,Duong lon,Nga 6
2332691241,10.7924606,106.6664644,6,Hem/Ngo,Nga 6
2332691242,10.791951,106.6660646,4,Hem/Ngo,Nga tu
2332691244,10.7922221,106.6662734,6,Hem/Ngo,Nga 6
2332691249,10.7924755,106.6659469,2,Hem/Ngo,Duong thang
2366618902,10.8164563,106.6725617,2,Hem/Ngo,Duong thang
2366620893,10.8155836,106.6713822,6,Hem/Ngo,Nga 6
2366620895,10.8159644,106.6712225,4,Duong nho,Nga tu
2366620900,10.8163395,106.6710847,4,Duong nho,Nga tu
2366620902,10.816696,106.670923,6,Duong lon,Nga 6
2366630520,10.8155071,106.6747741,4,Hem/Ngo,Nga tu
2366630957,10.8150918,106.6717634,6,Duong lon,Nga 6
2366630958,10.8154748,106.672614,2,Hem/Ngo,Duong thang
2366637697,10.8047943,106.6654821,4,Duong nho,Nga tu
2366641596,10.8150327,106.6695447,2,Duong nho,Duong thang
2366641599,10.8118854,106.6683465,6,Duong nho,Nga 6
2368169760,10.813724,106.671935,6,Hem/Ngo,Nga 6
2407526807,10.8016409,106.6499358,3,Duong lon,Nga ba
2409408729,10.7999467,106.6402676,5,Duong lon,Nga 5
2409408730,10.8013388,106.6376786,6,Hem/Ngo,Nga 6
2409408733,10.8008006,106.6386612,2,Duong lon,Duong thang
2409408734,10.7994591,106.6411762,6,Duong nho,Nga 6
2409408737,10.7946429,106.6501581,6,Duong lon,Nga 6
2409408742,10.7963674,106.6469636,6,Duong lon,Nga 6
2409408743,10.7979328,106.6440489,6,Duong nho,Nga 6
2433201339,10.8019459,106.6479093,2,Duong lon,Duong thang
2433201343,10.8017868,106.6478969,2,Duong lon,Duong thang
2453734022,10.8007281,106.662283,2,Duong lon,Duong thang
2491887081,10.8017911,106.6433857,6,Duong nho,Nga 6
2495737096,10.7831251,106.6496231,2,Hem/Ngo,Duong thang
2495738891,10.779603,106.6486116,6,Duong nho,Nga 6
2495738895,10.7840122,106.6530209,6,Duong nho,Nga 6
2495738897,10.7842202,106.6461568,6,Duong lon,Nga 6
2495741647,10.7866792,106.6469055,6,Duong nho,Nga 6
2495741648,10.7865999,106.6461776,2,Duong nho,Duong thang
2495741650,10.7867284,106.6452736,6,Duong lon,Nga 6
2495741653,10.785415,106.6466189,6,Hem/Ngo,Nga 6
2495741654,10.787005,106.6462787,6,Duong nho,Nga 6
2495741655,10.7863362,106.6464719,6,Duong nho,Nga 6
2495741660,10.7863764,106.6453607,6,Duong lon,Nga 6
2495741661,10.7848092,106.6447587,6,Duong nho,Nga 6
2495741664,10.7869839,106.6463189,6,Duong nho,Nga 6
2495741665,10.7870586,106.6451919,6,Duong lon,Nga 6
2495741667,10.7861124,106.6465247,2,Duong nho,Duong thang
2495741671,10.7859326,106.6464102,2,Hem/Ngo,Duong thang
2495741672,10.7857307,106.6464864,6,Hem/Ngo,Nga 6
2495745488,10.7936459,106.6501122,6,Duong nho,Nga 6
2495745490,10.7943249,106.6485892,2,Duong nho,Duong thang
2495745492,10.7915273,106.6497973,6,Duong nho,Nga 6
2495745494,10.7944886,106.6503202,4,Duong lon,Nga tu
2495745500,10.7937367,106.6499249,6,Duong nho,Nga 6
2495745502,10.7921267,106.6496964,6,Duong nho,Nga 6
2495745506,10.7934987,106.6504157,2,Duong nho,Duong thang
2495745974,10.7930536,106.6410822,2,Duong lon,Duong thang
2495745975,10.7926159,106.6419041,6,Duong lon,Nga 6
2495745976,10.7929693,106.6410465,2,Duong lon,Duong thang
2495745977,10.7922707,106.6429793,2,Duong lon,Duong thang
2495745978,10.7905595,106.6463927,6,Duong lon,Nga 6
2495745981,10.7921876,106.6429436,2,Duong lon,Duong thang
2495747992,10.7920267,106.6416691,6,Duong lon,Nga 6
2495802595,10.7751005,106.6481991,2,Duong lon,Duong thang
2495802597,10.7747842,106.6480738,3,Duong lon,Nga ba
2513642423,10.8010827,106.6564177,4,Hem/Ngo,Nga tu
2513642425,10.8006947,106.655991,2,Hem/Ngo,Duong thang
2513642427,10.8008501,106.6575658,4,Duong lon,Nga tu
2513642431,10.8003546,106.6563487,8,Hem/Ngo,Nga 8
2513642434,10.799683,106.655901,6,Hem/Ngo,Nga 6
2513642435,10.8003863,106.6559676,6,Hem/Ngo,Nga 6
2513642438,10.7997093,106.6562999,6,Hem/Ngo,Nga 6
2524664180,10.7938239,106.6675075,4,Hem/Ngo,Nga tu
2533900283,10.804173,106.6376745,6,Duong lon,Nga 6
2592269705,10.8071419,106.6350298,2,Duong lon,Duong thang
2665982246,10.7748585,106.6480174,3,Duong lon,Nga ba
2665982249,10.8025094,106.6451056,6,Hem/Ngo,Nga 6
2665982250,10.8028918,106.6451426,8,Hem/Ngo,Nga 8
2683778132,10.8161478,106.6653187,2,Duong lon,Duong thang
2683778150,10.815083,106.6630647,4,Duong lon,Nga tu
2686025237,10.8129546,106.6718574,3,Hem/Ngo,Nga ba
2686025238,10.8134106,106.6719016,6,Hem/Ngo,Nga 6
2686025239,10.8134898,106.6710509,2,Hem/Ngo,Duong thang
2686025241,10.8137952,106.6710824,2,Hem/Ngo,Duong thang
2712170813,10.8172624,106.6374748,6,Duong lon,Nga 6
2712170814,10.8172396,106.6373555,4,Duong lon,Nga tu
2822144429,10.7930048,106.6668765,6,Hem/Ngo,Nga 6
2822144430,10.7927497,106.6666799,6,Hem/Ngo,Nga 6
2822151658,10.79058,106.6566497,4,Hem/Ngo,Nga tu
2822151677,10.7907209,106.6555939,4,Hem/Ngo,Nga tu
2822156620,10.795604,106.6664866,6,Duong lon,Nga 6
2822161252,10.7951925,106.6663183,8,Hem/Ngo,Nga 8
2822161253,10.7950502,106.6666131,2,Hem/Ngo,Duong thang
2822161255,10.7957408,106.665298,6,Hem/Ngo,Nga 6
2822161256,10.7953925,106.6650353,6,Hem/Ngo,Nga 6
2822162857,10.7923372,106.6575753,6,Duong nho,Nga 6
2822162862,10.7913335,106.6571349,6,Duong nho,Nga 6
2822167932,10.7919021,106.6562905,6,Duong nho,Nga 6
2822167933,10.7914626,106.6560481,6,Duong lon,Nga 6
2822168136,10.7930234,106.6560329,6,Duong nho,Nga 6
2822168155,10.7932022,106.655643,6,Duong nho,Nga 6
2822168156,10.7936082,106.6557858,6,Duong nho,Nga 6
2822168946,10.7910972,106.6575957,2,Duong nho,Duong thang
2822178462,10.7904339,106.6554887,6,Hem/Ngo,Nga 6
2822178463,10.7900978,106.6564236,6,Hem/Ngo,Nga 6
2822187283,10.7880672,106.6538369,2,Duong nho,Duong thang
2871643855,10.8275872,106.6409981,6,Duong lon,Nga 6
2930530335,10.7842694,106.6615262,6,Duong nho,Nga 6
2930594545,10.7835416,106.6563968,2,Hem/Ngo,Duong thang
2930599201,10.7916018,106.645789,2,Duong nho,Duong thang
2930599202,10.7937912,106.6403152,6,Duong lon,Nga 6
2930599203,10.7922521,106.6441513,8,Duong lon,Nga 8
2930599204,10.7930916,106.6421112,8,Duong lon,Nga 8
2934668189,10.7982703,106.6680053,4,Hem/Ngo,Nga tu
2940062129,10.7854486,106.6571203,2,Duong nho,Duong thang
2942886438,10.8251042,106.6305827,6,Duong lon,Nga 6
3011828034,10.7867657,106.653566,6,Duong lon,Nga 6
3011828036,10.7867416,106.6534901,6,Duong lon,Nga 6
3011829412,10.7954913,106.6568328,6,Duong nho,Nga 6
3088859055,10.7690895,106.652204,2,Duong lon,Duong thang
3633843517,10.7960897,106.667791,2,Hem/Ngo,Duong thang
3633843518,10.7970729,106.6678953,6,Hem/Ngo,Nga 6
3633843519,10.7971278,106.6674729,6,Duong nho,Nga 6
3638313072,10.8283994,106.6413093,6,Duong lon,Nga 6
3638313074,10.8279103,106.6411236,6,Duong lon,Nga 6
3638313076,10.8279593,106.6423846,4,Hem/Ngo,Nga tu
3638313078,10.8277268,106.6422829,4,Hem/Ngo,Nga tu
3638313088,10.8274917,106.6421863,4,Hem/Ngo,Nga tu
3640162516,10.8194239,106.638457,2,Hem/Ngo,Duong thang
3640176497,10.8249412,106.6413187,2,Duong lon,Duong thang
3655114322,10.8204753,106.6308505,2,Duong lon,Duong thang
3655114415,10.8205718,106.6313573,4,Duong nho,Nga tu
3655114420,10.8203702,106.630883,4,Duong lon,Nga tu
3655114526,10.8204466,106.6307719,2,Duong lon,Duong thang
3671431434,10.7900993,106.6621938,2,Hem/Ngo,Duong thang
3671440860,10.7889411,106.6645783,6,Hem/Ngo,Nga 6
3671440864,10.7884399,106.6649418,6,Hem/Ngo,Nga 6
3674448723,10.8314643,106.644065,2,Duong lon,Duong thang
3727813436,10.7835608,106.6537829,6,Duong nho,Nga 6
3735815065,10.7785531,106.6511109,6,Hem/Ngo,Nga 6
3735830662,10.7803976,106.6548078,6,Hem/Ngo,Nga 6
3771398753,10.7971566,106.6577,4,Hem/Ngo,Nga tu
3771398766,10.7940809,106.6591001,4,Duong lon,Nga tu
3771398776,10.7951025,106.6564426,6,Hem/Ngo,Nga 6
3771398777,10.7944234,106.6571598,6,Hem/Ngo,Nga 6
3771416308,10.7938731,106.6559211,8,Duong lon,Nga 8
3771416315,10.7927188,106.6553881,6,Hem/Ngo,Nga 6
3771416340,10.7924078,106.6524494,4,Duong nho,Nga tu
3771416343,10.7927927,106.6523748,6,Duong nho,Nga 6
3771416350,10.792352,106.6506791,2,Duong nho,Duong thang
3771416354,10.7918855,106.6477789,2,Duong nho,Duong thang
3771420266,10.792354,106.648476,2,Duong nho,Duong thang
3771420267,10.7936716,106.6486738,6,Duong nho,Nga 6
3771420268,10.7921749,106.648138,2,Duong nho,Duong thang
3771420269,10.7940806,106.649153,6,Duong nho,Nga 6
3771420271,10.7938887,106.6495883,6,Duong nho,Nga 6
3771420272,10.7924977,106.6489093,2,Duong nho,Duong thang
3771420275,10.7905807,106.6473227,2,Duong nho,Duong thang
3771420284,10.7900507,106.6461363,8,Duong lon,Nga 8
3771420294,10.7875572,106.6451635,5,Duong lon,Nga 5
3771420314,10.7860589,106.6443035,6,Duong nho,Nga 6
3771420319,10.7827395,106.6453968,6,Hem/Ngo,Nga 6
3771420320,10.7826296,106.645375,2,Hem/Ngo,Duong thang
3771420321,10.7836394,106.6424688,6,Duong lon,Nga 6
3771420325,10.7839305,106.6439002,8,Hem/Ngo,Nga 8
3771420326,10.7837157,106.6446103,2,Hem/Ngo,Duong thang
3771420327,10.7831155,106.6441534,6,Hem/Ngo,Nga 6
3771420329,10.7846414,106.644141,6,Duong nho,Nga 6
3771420332,10.7829925,106.6433852,2,Hem/Ngo,Duong thang
3771420334,10.7828935,106.6441213,2,Hem/Ngo,Duong thang
3771420338,10.7812135,106.6456857,2,Hem/Ngo,Duong thang
3771420354,10.7820545,106.6442328,6,Hem/Ngo,Nga 6
3771420357,10.7821768,106.6450771,2,Hem/Ngo,Duong thang
3771444887,10.7905352,106.6434293,6,Duong lon,Nga 6
3771485032,10.7939848,106.6448391,6,Duong lon,Nga 6
3771486663,10.7938306,106.6452348,6,Duong nho,Nga 6
3771486666,10.7950087,106.6456687,2,Duong nho,Duong thang
3771486673,10.7943008,106.6480477,6,Duong nho,Nga 6
3771486712,10.7932179,106.6481741,2,Duong nho,Duong thang
3771486717,10.7977081,106.6517525,2,Duong nho,Duong thang
3771486738,10.7975747,106.643591,6,Duong lon,Nga 6
3771486739,10.7973562,106.6441106,2,Hem/Ngo,Duong thang
3771486756,10.7953674,106.6414007,4,Duong nho,Nga tu
3789055814,10.7792945,106.6542754,6,Hem/Ngo,Nga 6
3789057868,10.7788276,106.6546913,6,Duong nho,Nga 6
3789093321,10.7805444,106.6553429,4,Hem/Ngo,Nga tu
3806430028,10.8203354,106.639279,4,Duong lon,Nga tu
3806810185,10.7849544,106.6453858,6,Duong nho,Nga 6
3806810224,10.7856134,106.645223,4,Duong nho,Nga tu
3806810229,10.7856971,106.6455289,4,Duong lon,Nga tu
3806810437,10.7926478,106.6537628,2,Duong lon,Duong thang
3806810443,10.7928358,106.6534173,2,Duong lon,Duong thang
3806810588,10.7957762,106.6553726,4,Hem/Ngo,Nga tu
4001737133,10.8141294,106.6685491,5,Duong nho,Nga 5
4008844510,10.8139425,106.6656992,3,Duong lon,Nga ba
4019454176,10.7853399,106.6582711,6,Duong nho,Nga 6
4023206285,10.7869972,106.6440684,8,Duong lon,Nga 8
4025475943,10.8285301,106.6389677,6,Duong nho,Nga 6
4102230933,10.8018555,106.6367636,4,Duong lon,Nga tu
4102230938,10.7850953,106.6419799,6,Duong lon,Nga 6
4109599342,10.7935794,106.6489343,6,Duong nho,Nga 6
4109605262,10.7813908,106.6433395,4,Duong lon,Nga tu
4191373364,10.7870134,106.6634596,6,Hem/Ngo,Nga 6
4191373365,10.7873596,106.6628105,6,Hem/Ngo,Nga 6
4191373366,10.7876927,106.6621842,6,Hem/Ngo,Nga 6
4191373367,10.7877696,106.6630309,6,Duong lon,Nga 6
4213562818,10.7881127,106.643067,6,Duong lon,Nga 6
4213562848,10.7900701,106.6411556,6,Duong nho,Nga 6
4440166372,10.814738,106.6721382,6,Duong lon,Nga 6
4440166374,10.8151302,106.6730856,4,Hem/Ngo,Nga tu
4440166376,10.8147991,106.6732285,6,Hem/Ngo,Nga 6
4440166377,10.8144454,106.6724482,4,Hem/Ngo,Nga tu
4461998123,10.7883473,106.6531147,4,Duong lon,Nga tu
4541470630,10.8021441,106.665778,4,Duong lon,Nga tu
4548017758,10.7744652,106.6523944,6,Duong nho,Nga 6
4576427867,10.807828,106.6637988,6,Duong lon,Nga 6
4608562277,10.7826545,106.6589049,6,Duong nho,Nga 6
4617816421,10.8178387,106.6742478,4,Hem/Ngo,Nga tu
4617816425,10.7871348,106.6641927,3,Duong nho,Nga ba
4618443190,10.787592,106.6595833,6,Duong nho,Nga 6
4618443198,10.7833332,106.661329,4,Duong lon,Nga tu
4618443234,10.793626,106.6520024,2,Duong lon,Duong thang
4618479910,10.7918115,106.6439671,8,Duong lon,Nga 8
4619358327,10.8043942,106.6663763,4,Duong lon,Nga tu
4619358328,10.8038232,106.6662245,4,Duong lon,Nga tu
4619358329,10.8036425,106.6661764,6,Duong lon,Nga 6
4628048107,10.7785228,106.6553746,6,Hem/Ngo,Nga 6
4636764460,10.7897761,106.6526136,2,Duong lon,Duong thang
4638968134,10.7868523,106.6515723,6,Duong nho,Nga 6
4639027499,10.7862517,106.6516988,6,Duong lon,Nga 6
4639027501,10.7864186,106.6523096,6,Duong lon,Nga 6
4639080773,10.7863222,106.6565328,6,Duong nho,Nga 6
4639080775,10.7883347,106.657746,6,Duong lon,Nga 6
4671886032,10.8122531,106.665065,3,Duong lon,Nga ba
4706741309,10.7909992,106.6658989,3,Duong lon,Nga ba
4851135895,10.8164563,106.6703495,8,Duong lon,Nga 8
4851135896,10.8155559,106.6712971,8,Hem/Ngo,Nga 8
4865956085,10.7877463,106.6641314,6,Hem/Ngo,Nga 6
4865956086,10.7875591,106.6643548,6,Hem/Ngo,Nga 6
4865956087,10.7874993,106.6643068,2,Hem/Ngo,Duong thang
4869593092,10.7875334,106.6644785,2,Hem/Ngo,Duong thang
4869706929,10.7878956,106.6643112,6,Hem/Ngo,Nga 6
4869706931,10.787691,106.6645134,2,Hem/Ngo,Duong thang
4869706933,10.7891204,106.664027,6,Hem/Ngo,Nga 6
4875814758,10.7890404,106.6606356,6,Duong lon,Nga 6
4875814765,10.7926036,106.6539089,4,Duong lon,Nga tu
4875814769,10.7867774,106.6639022,6,Duong nho,Nga 6
4877908028,10.7902543,106.6632342,8,Hem/Ngo,Nga 8
4877968913,10.7896893,106.6643969,6,Hem/Ngo,Nga 6
4877968918,10.7904263,106.6648835,2,Hem/Ngo,Duong thang
4879876928,10.7886176,106.6647982,4,Hem/Ngo,Nga tu
4882810028,10.790706,106.6643186,2,Hem/Ngo,Duong thang
4882810029,10.7908008,106.6641842,6,Hem/Ngo,Nga 6
4883457769,10.7884656,106.6644294,6,Hem/Ngo,Nga 6
4883457772,10.7881179,106.6648551,2,Hem/Ngo,Duong thang
4883457773,10.7882398,106.6647175,8,Hem/Ngo,Nga 8
4883457776,10.790599,106.6656752,4,Hem/Ngo,Nga tu
4883457778,10.7903849,106.6658857,2,Hem/Ngo,Duong thang
4889569757,10.7915497,106.6617057,3,Duong lon,Nga ba
4889622981,10.7884844,106.6630146,8,Hem/Ngo,Nga 8
4889622982,10.7879441,106.662713,6,Duong lon,Nga 6
4891670592,10.7892931,106.6645106,6,Hem/Ngo,Nga 6
4896345047,10.8158072,106.6757463,2,Hem/Ngo,Duong thang
4896345052,10.8166625,106.6746775,4,Hem/Ngo,Nga tu
4896345056,10.8154808,106.6751167,2,Duong lon,Duong thang
4896345057,10.8174989,106.6742919,4,Hem/Ngo,Nga tu
4896345058,10.8172604,106.6743308,6,Hem/Ngo,Nga 6
4896345061,10.817084,106.6738976,2,Hem/Ngo,Duong thang
4896345063,10.816589,106.6746841,4,Hem/Ngo,Nga tu
4896345065,10.8160923,106.6747573,4,Hem/Ngo,Nga tu
4897166437,10.7878474,106.6638606,6,Hem/Ngo,Nga 6
4897166440,10.7880457,106.6644935,6,Hem/Ngo,Nga 6
4897166441,10.7878755,106.664649,2,Hem/Ngo,Duong thang
4898834796,10.7888358,106.6610116,6,Duong lon,Nga 6
4898834797,10.7890156,106.6611316,2,Hem/Ngo,Duong thang
4898834813,10.7897449,106.6642866,6,Hem/Ngo,Nga 6
4903262964,10.7880548,106.6637885,6,Hem/Ngo,Nga 6
4903302055,10.7887372,106.6651845,2,Hem/Ngo,Duong thang
4903632188,10.789725,106.6639673,2,Hem/Ngo,Duong thang
4903632191,10.7896704,106.6633836,2,Hem/Ngo,Duong thang
4903632198,10.7893267,106.6628529,6,Hem/Ngo,Nga 6
4903632199,10.7892069,106.6631825,4,Hem/Ngo,Nga tu
4903632200,10.7900506,106.6622952,6,Hem/Ngo,Nga 6
4903632203,10.789567,106.6622252,2,Hem/Ngo,Duong thang
4903632204,10.7900155,106.6623682,6,Hem/Ngo,Nga 6
4903632208,10.7887079,106.6612607,6,Duong lon,Nga 6
4903632212,10.7895912,106.6615291,6,Hem/Ngo,Nga 6
4903632217,10.7885705,106.6615303,6,Duong lon,Nga 6
4903632218,10.7889643,106.6617616,6,Hem/Ngo,Nga 6
4903632321,10.7891345,106.6617424,6,Hem/Ngo,Nga 6
4903632322,10.7893525,106.6618941,2,Hem/Ngo,Duong thang
4903664468,10.7907117,106.6627526,6,Hem/Ngo,Nga 6
4903664469,10.7904592,106.6633189,6,Hem/Ngo,Nga 6
4903664476,10.7897714,106.6626018,2,Hem/Ngo,Duong thang
4903664478,10.7896484,106.6629942,6,Hem/Ngo,Nga 6
4903697612,10.7832858,106.6602052,2,Hem/Ngo,Duong thang
4903697615,10.7828728,106.6608999,4,Duong lon,Nga tu
4903697844,10.7849384,106.662123,6,Duong nho,Nga 6
4916485984,10.7881562,106.6635973,6,Hem/Ngo,Nga 6
4916485985,10.7883052,106.6633335,6,Hem/Ngo,Nga 6
4918074717,10.788882,106.6619253,2,Hem/Ngo,Duong thang
4928385258,10.7907007,106.658442,6,Hem/Ngo,Nga 6
4928385261,10.7913304,106.6587505,8,Hem/Ngo,Nga 8
4928385265,10.790453,106.6589195,6,Hem/Ngo,Nga 6
4928385268,10.7909168,106.6587317,2,Hem/Ngo,Duong thang
4928385277,10.7911592,106.6595954,6,Hem/Ngo,Nga 6
4928385279,10.7917941,106.6592896,6,Hem/Ngo,Nga 6
4928394474,10.7918985,106.6584084,2,Hem/Ngo,Duong thang
4928394475,10.7895614,106.6596506,6,Duong lon,Nga 6
4928394476,10.7902594,106.659987,6,Hem/Ngo,Nga 6
4928394477,10.7902857,106.659936,6,Hem/Ngo,Nga 6
4928394481,10.7909813,106.660156,6,Hem/Ngo,Nga 6
4928394484,10.7915044,106.6590043,6,Hem/Ngo,Nga 6
4928394485,10.7914511,106.6591037,6,Hem/Ngo,Nga 6
4928394488,10.79004,106.6605833,6,Hem/Ngo,Nga 6
4928394489,10.7892589,106.6602247,6,Duong lon,Nga 6
4932465928,10.829498,106.6432053,2,Duong lon,Duong thang
4932465929,10.8297138,106.6432951,2,Duong lon,Duong thang
4932465934,10.8233234,106.6406596,2,Duong lon,Duong thang
4932465938,10.8234155,106.6404637,2,Duong lon,Duong thang
4932465939,10.8231949,106.6403839,2,Duong lon,Duong thang
4932465943,10.8231255,106.6405766,2,Duong lon,Duong thang
4932465981,10.8315731,106.6441041,2,Duong lon,Duong thang
4932465986,10.8311326,106.6439103,2,Duong lon,Duong thang
4936385088,10.8139592,106.6658474,4,Duong lon,Nga tu
4948841957,10.8128552,106.6649822,3,Duong lon,Nga ba
4957752154,10.8251104,106.6413888,2,Duong lon,Duong thang
4957752158,10.8252033,106.6412146,2,Duong lon,Duong thang
4957752159,10.8248655,106.6410741,2,Duong lon,Duong thang
4957752163,10.8248067,106.6412646,2,Duong lon,Duong thang
4957752164,10.8264885,106.6419463,2,Duong lon,Duong thang
4957752168,10.8265959,106.6418063,2,Duong lon,Duong thang
4957752169,10.8268228,106.6419081,2,Duong lon,Duong thang
4957752172,10.8267434,106.642055,2,Duong lon,Duong thang
4957752173,10.8278018,106.6425038,2,Duong lon,Duong thang
4957752176,10.8278615,106.6423464,2,Duong lon,Duong thang
4957752177,10.8280815,106.6424364,2,Duong lon,Duong thang
4957752180,10.8280171,106.6425929,2,Duong lon,Duong thang
4961428518,10.7918549,106.6620969,4,Duong lon,Nga tu
5088986618,10.817868,106.6316732,4,Duong lon,Nga tu
5092125016,10.7770768,106.6485925,6,Duong nho,Nga 6
5092125018,10.777305,106.6478625,6,Hem/Ngo,Nga 6
5092125025,10.7756955,106.6502153,2,Hem/Ngo,Duong thang
5092125031,10.7778925,106.6506091,4,Hem/Ngo,Nga tu
5092125032,10.7782307,106.6506161,4,Hem/Ngo,Nga tu
5092125033,10.7785535,106.6506251,4,Hem/Ngo,Nga tu
5092125036,10.7784087,106.6526816,6,Hem/Ngo,Nga 6
5092125050,10.7777091,106.6536795,2,Duong nho,Duong thang
5092125129,10.7852951,106.6526591,6,Duong nho,Nga 6
5092125166,10.7843656,106.6594125,2,Duong nho,Duong thang
5092125167,10.7877149,106.6597478,6,Duong nho,Nga 6
5092125175,10.7852598,106.6600226,6,Hem/Ngo,Nga 6
5092219861,10.7852026,106.6467293,6,Hem/Ngo,Nga 6
5093747252,10.7809896,106.6442363,6,Hem/Ngo,Nga 6
5093747254,10.7822371,106.6437163,6,Hem/Ngo,Nga 6
5093747259,10.7818469,106.6442132,6,Hem/Ngo,Nga 6
5093747597,10.7843954,106.6484404,6,Duong nho,Nga 6
5097414331,10.7902579,106.6614235,6,Duong lon,Nga 6
5097414332,10.7904507,106.6609932,6,Hem/Ngo,Nga 6
5097414339,10.7903026,106.6609299,2,Hem/Ngo,Duong thang
5097414340,10.7905842,106.6610494,2,Hem/Ngo,Duong thang
5097414366,10.7933401,106.6563084,2,Hem/Ngo,Duong thang
5097414367,10.7933813,106.6557438,6,Duong nho,Nga 6
5097414368,10.7931897,106.6562376,2,Hem/Ngo,Duong thang
5097414388,10.7920124,106.6581959,2,Duong nho,Duong thang
5097414398,10.7917311,106.6587818,8,Hem/Ngo,Nga 8
5108956863,10.7959585,106.6583996,2,Hem/Ngo,Duong thang
5108956864,10.7969158,106.6578459,6,Hem/Ngo,Nga 6
5108956867,10.7959572,106.65708,2,Hem/Ngo,Duong thang
5108956874,10.7912085,106.6543731,6,Hem/Ngo,Nga 6
5108956875,10.7912059,106.6553769,2,Hem/Ngo,Duong thang
5108956878,10.791066,106.6543173,6,Hem/Ngo,Nga 6
5108956879,10.7907039,106.6551868,6,Hem/Ngo,Nga 6
5108956883,10.7917634,106.6554563,6,Duong lon,Nga 6
5108956906,10.7882288,106.6621944,6,Duong lon,Nga 6
5108956917,10.7857395,106.660348,2,Duong nho,Duong thang
5108957144,10.7848149,106.6598041,6,Duong nho,Nga 6
5108957149,10.7850014,106.6607796,2,Hem/Ngo,Duong thang
5108957164,10.7904497,106.6637311,2,Duong nho,Duong thang
5108957173,10.7888389,106.663905,6,Hem/Ngo,Nga 6
5112594926,10.8273716,106.6418385,6,Hem/Ngo,Nga 6
5112594927,10.8266958,106.6415186,2,Hem/Ngo,Duong thang
5112594928,10.8271024,106.6408364,6,Duong lon,Nga 6
5112594929,10.8268465,106.64159,6,Hem/Ngo,Nga 6
5112594930,10.8276871,106.6410435,6,Duong lon,Nga 6
5112594931,10.8272551,106.6420789,4,Hem/Ngo,Nga tu
5112594932,10.8277099,106.6416257,6,Hem/Ngo,Nga 6
5112594933,10.8274623,106.640953,6,Duong lon,Nga 6
5112594934,10.8271859,106.6417506,6,Hem/Ngo,Nga 6
5112594935,10.8286692,106.6414124,4,Duong lon,Nga tu
5112594936,10.8282211,106.6424857,3,Duong lon,Nga ba
5112594942,10.8284499,106.6419327,6,Duong nho,Nga 6
5112594943,10.8281922,106.6418208,6,Hem/Ngo,Nga 6
5112594944,10.8279544,106.6417258,6,Hem/Ngo,Nga 6
5112594985,10.8171529,106.6369706,5,Duong lon,Nga 5
5293846851,10.7903055,106.6582503,6,Duong lon,Nga 6
5293846878,10.7883389,106.6590114,6,Duong lon,Nga 6
5293846882,10.7893658,106.6593656,6,Duong nho,Nga 6
5293846883,10.7896123,106.659554,6,Duong lon,Nga 6
5293847326,10.7865157,106.6630291,2,Hem/Ngo,Duong thang
5295492444,10.7835374,106.6597355,2,Hem/Ngo,Duong thang
5295492445,10.7852286,106.6605052,2,Hem/Ngo,Duong thang
5295492447,10.7851579,106.660032,6,Hem/Ngo,Nga 6
5296220733,10.7879014,106.6567315,2,Hem/Ngo,Duong thang
5296220734,10.7880497,106.6564225,6,Duong lon,Nga 6
5296220750,10.7866164,106.6567919,6,Duong nho,Nga 6
5296220751,10.7870725,106.6562454,2,Hem/Ngo,Duong thang
5298119693,10.7850711,106.6585372,6,Duong nho,Nga 6
5298119694,10.7855071,106.6589136,2,Hem/Ngo,Duong thang
5345108229,10.784067,106.6598848,2,Duong nho,Duong thang
5349532653,10.7935654,106.6627318,6,Duong lon,Nga 6
5356329017,10.8072362,106.6351403,2,Duong lon,Duong thang
5356329019,10.8061489,106.6362658,2,Duong lon,Duong thang
5358463327,10.7799149,106.6443303,4,Duong lon,Nga tu
5435389889,10.8136282,106.6652565,2,Duong lon,Duong thang
5435412019,10.8101615,106.6648727,3,Duong lon,Nga ba
5462156836,10.8045521,106.6646465,2,Duong lon,Duong thang
5462219221,10.8017255,106.6496206,4,Duong lon,Nga tu
5462219222,10.8020706,106.6454557,4,Duong lon,Nga tu
5462219224,10.8021636,106.6450801,3,Duong lon,Nga ba
5462237878,10.8139945,106.6332511,5,Duong lon,Nga 5
5467216150,10.7986247,106.6623158,2,Duong nho,Duong thang
5467216157,10.7986313,106.6624249,2,Duong lon,Duong thang
5467431341,10.7925362,106.6532608,2,Duong lon,Duong thang
5502531262,10.7832799,106.646052,2,Hem/Ngo,Duong thang
5502531263,10.78411,106.6463044,6,Duong lon,Nga 6
5502531269,10.7833874,106.645235,2,Hem/Ngo,Duong thang
5502531272,10.7838361,106.6449976,6,Hem/Ngo,Nga 6
5502531273,10.7836883,106.6449427,6,Hem/Ngo,Nga 6
5502531275,10.7834178,106.6452706,6,Hem/Ngo,Nga 6
5552685855,10.7730112,106.6523344,2,Hem/Ngo,Duong thang
5663188334,10.8026752,106.6394816,4,Hem/Ngo,Nga tu
5663188335,10.8038146,106.6393299,2,Hem/Ngo,Duong thang
5717194975,10.8300714,106.637936,6,Duong nho,Nga 6
5717194977,10.8298037,106.6385882,6,Duong nho,Nga 6
5719078413,10.8252315,106.6392262,2,Duong nho,Duong thang
5719078978,10.8264288,106.6322292,2,Hem/Ngo,Duong thang
5719078980,10.8271183,106.6315024,6,Duong lon,Nga 6
5719078981,10.8217863,106.6399461,2,Duong lon,Duong thang
5719078982,10.8218176,106.6398561,2,Duong lon,Duong thang
5719079011,10.8228368,106.6364196,2,Hem/Ngo,Duong thang
5719079012,10.8206889,106.6309676,2,Duong nho,Duong thang
5719079013,10.824872,106.6282714,2,Duong nho,Duong thang
5719079016,10.8233095,106.6299359,2,Duong nho,Duong thang
5719079020,10.8216382,106.6307162,8,Duong nho,Nga 8
5719079029,10.8275807,106.6343006,2,Hem/Ngo,Duong thang
5719079033,10.829588,106.6326503,6,Duong lon,Nga 6
5719227264,10.815302,106.6756819,4,Hem/Ngo,Nga tu
5719638619,10.8086763,106.6546057,3,Duong lon,Nga ba
5719731378,10.8150569,106.6743842,6,Hem/Ngo,Nga 6
5721685975,10.8012894,106.6659545,3,Duong lon,Nga ba
5721685976,10.8077552,106.6645365,4,Duong lon,Nga tu
5721685991,10.7988855,106.6664931,2,Hem/Ngo,Duong thang
5721686008,10.79972,106.6555179,6,Hem/Ngo,Nga 6
5721686009,10.800306,106.656777,6,Hem/Ngo,Nga 6
5721686013,10.8010476,106.6568219,4,Hem/Ngo,Nga tu
5721686015,10.8002588,106.6608786,4,Duong lon,Nga tu
5721686016,10.8000091,106.6606224,6,Duong lon,Nga 6
5721686017,10.7999075,106.6605181,4,Duong lon,Nga tu
5721820507,10.7968253,106.6543835,4,Hem/Ngo,Nga tu
5721820518,10.8017127,106.6450434,4,Duong nho,Nga tu
5725018903,10.8148211,106.6655131,3,Khong xac dinh,Nga ba
5725018956,10.8115858,106.6648781,2,Duong lon,Duong thang
5727023990,10.8059962,106.65302,2,Duong nho,Duong thang
5735306182,10.8114133,106.667735,2,Hem/Ngo,Duong thang
5735306183,10.8112489,106.6669604,6,Duong nho,Nga 6
5737817833,10.8144665,106.6695759,2,Hem/Ngo,Duong thang
5737817841,10.8148962,106.6736653,2,Hem/Ngo,Duong thang
5737817842,10.8147379,106.6732507,4,Hem/Ngo,Nga tu
5737817886,10.8152157,106.6747476,2,Hem/Ngo,Duong thang
5738593650,10.8126754,106.6651836,2,Duong lon,Duong thang
5742545028,10.8269058,106.6372824,6,Duong nho,Nga 6
5742545044,10.8239879,106.6364256,2,Hem/Ngo,Duong thang
5742545045,10.8235843,106.6355514,6,Duong nho,Nga 6
5743315780,10.8241545,106.6361624,2,Hem/Ngo,Duong thang
5743315781,10.8239401,106.636322,6,Hem/Ngo,Nga 6
5755535164,10.8071655,106.6684214,6,Duong lon,Nga 6
5755653971,10.8054762,106.6449396,2,Hem/Ngo,Duong thang
5755653972,10.805347,106.6449328,4,Hem/Ngo,Nga tu
5755653982,10.8081486,106.6495188,2,Hem/Ngo,Duong thang
5755653983,10.8075225,106.6499306,4,Hem/Ngo,Nga tu
5755754591,10.8055617,106.6456577,6,Duong nho,Nga 6
5762747868,10.8003891,106.6654787,4,Duong lon,Nga tu
5762825874,10.8002536,106.6669243,4,Hem/Ngo,Nga tu
5765073618,10.795708,106.6673852,4,Hem/Ngo,Nga tu
5765073639,10.7950045,106.665726,2,Hem/Ngo,Duong thang
5765073641,10.7948134,106.6661576,6,Hem/Ngo,Nga 6
5765073652,10.7947031,106.667741,6,Duong lon,Nga 6
5765073754,10.7952184,106.6681009,6,Hem/Ngo,Nga 6
5765216988,10.7952726,106.6620733,2,Duong nho,Duong thang
5765217008,10.7938475,106.6657434,2,Hem/Ngo,Duong thang
5765288346,10.7954562,106.6556875,2,Duong lon,Duong thang
5765289877,10.7695425,106.6525231,4,Duong lon,Nga tu
5765289881,10.7722202,106.6528451,4,Duong lon,Nga tu
5765289884,10.7730043,106.6529393,6,Duong lon,Nga 6
5765289885,10.7736501,106.6530442,4,Duong lon,Nga tu
5765289886,10.7738429,106.6530687,6,Duong lon,Nga 6
5765289887,10.7743025,106.6531016,6,Duong lon,Nga 6
5765289906,10.775419,106.6531998,6,Duong lon,Nga 6
5765292360,10.7968915,106.6550009,6,Hem/Ngo,Nga 6
5765292374,10.798124,106.6563168,2,Hem/Ngo,Duong thang
5765292377,10.7967938,106.6572197,4,Hem/Ngo,Nga tu
5765292378,10.7933806,106.6591697,3,Duong lon,Nga ba
5765334903,10.7972513,106.654916,2,Hem/Ngo,Duong thang
5765334907,10.7972127,106.6512304,2,Hem/Ngo,Duong thang
5765334908,10.7972167,106.6508039,6,Duong nho,Nga 6
5765334909,10.7941177,106.6510104,2,Duong lon,Duong thang
5765346243,10.7955039,106.6458468,2,Hem/Ngo,Duong thang
5765346244,10.7956596,106.6454221,6,Duong lon,Nga 6
5765384641,10.7714489,106.6527526,4,Duong lon,Nga tu
5765384643,10.7709134,106.652687,4,Duong lon,Nga tu
5765404727,10.7756694,106.6486496,6,Duong lon,Nga 6
5765404728,10.7755041,106.6485397,6,Duong lon,Nga 6
5769329883,10.7888852,106.6428731,6,Duong lon,Nga 6
5769343546,10.7846644,106.6510038,6,Duong lon,Nga 6
5769343550,10.7857302,106.6495161,4,Hem/Ngo,Nga tu
5769343953,10.7865186,106.6484814,4,Duong lon,Nga tu
5769343954,10.7866334,106.6483704,4,Duong lon,Nga tu
5769343963,10.7875109,106.6450799,6,Duong lon,Nga 6
5769406258,10.7896821,106.6521943,4,Duong lon,Nga tu
5769406260,10.7893075,106.6551115,6,Hem/Ngo,Nga 6
5769406263,10.7897798,106.6542032,2,Hem/Ngo,Duong thang
5769406269,10.7854956,106.6510684,6,Duong lon,Nga 6
5769406270,10.7862098,106.6512137,6,Duong lon,Nga 6
5769406272,10.786858,106.6513632,6,Duong lon,Nga 6
5769406275,10.787537,106.6515476,6,Duong lon,Nga 6
5769406277,10.7893822,106.6520888,6,Duong lon,Nga 6
5769406295,10.7903281,106.6540273,2,Hem/Ngo,Duong thang
5769437308,10.7899249,106.6598258,4,Hem/Ngo,Nga tu
5769437326,10.7906439,106.6596333,6,Hem/Ngo,Nga 6
5769467966,10.7892398,106.6615979,6,Hem/Ngo,Nga 6
5772157706,10.7801716,106.6441554,4,Duong lon,Nga tu
5772171259,10.777871,106.6482311,6,Hem/Ngo,Nga 6
5772171261,10.7779259,106.6486151,6,Duong nho,Nga 6
5772171262,10.7781558,106.6476494,2,Hem/Ngo,Duong thang
5772171263,10.7781386,106.6486208,6,Duong nho,Nga 6
5772194284,10.7764307,106.6492268,6,Duong lon,Nga 6
5772194285,10.7765901,106.6493689,4,Duong lon,Nga tu
5772194289,10.7773899,106.6498441,6,Duong lon,Nga 6
5772194290,10.7777426,106.6498541,6,Duong lon,Nga 6
5772194292,10.7795024,106.649889,6,Duong lon,Nga 6
5772194293,10.7790827,106.6498614,6,Duong lon,Nga 6
5772301809,10.7793441,106.6519076,6,Hem/Ngo,Nga 6
5772301812,10.7795291,106.6535003,6,Hem/Ngo,Nga 6
5772301815,10.7805243,106.655272,6,Hem/Ngo,Nga 6
5772301816,10.7803162,106.6544716,6,Hem/Ngo,Nga 6
5772301817,10.778088,106.6555539,4,Hem/Ngo,Nga tu
5772452207,10.7857811,106.6606243,6,Duong nho,Nga 6
5772478027,10.7865341,106.6585884,6,Duong nho,Nga 6
5772478033,10.7856945,106.6579209,8,Duong nho,Nga 8
5772478034,10.7851532,106.6574661,6,Duong nho,Nga 6
5772478036,10.7846261,106.6569667,6,Duong nho,Nga 6
5772478038,10.7846652,106.6548112,6,Duong nho,Nga 6
5772478039,10.7847918,106.6553533,6,Duong nho,Nga 6
5772478040,10.7852199,106.6568031,6,Duong nho,Nga 6
5772508126,10.7822722,106.6502024,8,Hem/Ngo,Nga 8
5772508128,10.78213,106.6501392,6,Duong lon,Nga 6
5772558123,10.780823,106.6589042,2,Duong lon,Duong thang
5772558124,10.778284,106.6565323,2,Duong lon,Duong thang
5778117442,10.78272,106.6489932,2,Hem/Ngo,Duong thang
5778117443,10.7835142,106.6490695,4,Duong lon,Nga tu
5778117446,10.7851162,106.6487423,2,Hem/Ngo,Duong thang
5778117447,10.7850614,106.6483388,6,Duong nho,Nga 6
5778117624,10.7841703,106.649394,2,Hem/Ngo,Duong thang
5778117627,10.7839377,106.64857,6,Duong nho,Nga 6
5778117628,10.7832415,106.6486509,6,Hem/Ngo,Nga 6
5778117632,10.7832136,106.6479885,2,Hem/Ngo,Duong thang
5778117635,10.7829319,106.6479527,2,Hem/Ngo,Duong thang
5778117668,10.7832744,106.6456255,2,Hem/Ngo,Duong thang
5778117669,10.7863099,106.6453772,6,Duong lon,Nga 6
5778117670,10.7862342,106.6450599,6,Duong nho,Nga 6
5778117673,10.785026,106.645695,8,Duong lon,Nga 8
5778136898,10.7834718,106.6434009,2,Hem/Ngo,Duong thang
5778136899,10.7834598,106.6438018,6,Hem/Ngo,Nga 6
5778457501,10.7827872,106.6486864,6,Hem/Ngo,Nga 6
5778457505,10.7827613,106.6478895,2,Hem/Ngo,Duong thang
5893932607,10.8308581,106.6365535,4,Duong nho,Nga tu
5998453338,10.799396,106.6551913,2,Hem/Ngo,Duong thang
5998453339,10.7994012,106.6554816,2,Hem/Ngo,Duong thang
6013212703,10.7930814,106.6660451,2,Hem/Ngo,Duong thang
6013212709,10.7920284,106.6596729,2,Hem/Ngo,Duong thang
6013212710,10.7927349,106.6597149,4,Hem/Ngo,Nga tu
6013212711,10.7920759,106.6595098,2,Hem/Ngo,Duong thang
6025186563,10.7795042,106.6446161,2,Duong lon,Duong thang
6036632831,10.7753962,106.6488341,6,Hem/Ngo,Nga 6
6036632833,10.7751622,106.6486558,2,Hem/Ngo,Duong thang
6049157972,10.7901126,106.6553581,6,Hem/Ngo,Nga 6
6049157973,10.789628,106.6551041,6,Hem/Ngo,Nga 6
6049157974,10.7899621,106.6552883,2,Hem/Ngo,Duong thang
6049157977,10.7898457,106.6548354,6,Hem/Ngo,Nga 6
6049158687,10.7886589,106.6548823,2,Hem/Ngo,Duong thang
6049158688,10.7891556,106.6549166,6,Hem/Ngo,Nga 6
6049158689,10.7893807,106.6547298,2,Hem/Ngo,Duong thang
6049158691,10.7892582,106.6544417,2,Hem/Ngo,Duong thang
6049158692,10.7901223,106.6544939,6,Hem/Ngo,Nga 6
6049158693,10.7897059,106.6542646,6,Hem/Ngo,Nga 6
6049158694,10.7902009,106.6543187,6,Hem/Ngo,Nga 6
6049158695,10.7898352,106.6541411,2,Hem/Ngo,Duong thang
6049158696,10.7902896,106.6541155,6,Hem/Ngo,Nga 6
6049158697,10.7899422,106.6539626,2,Hem/Ngo,Duong thang
6049158733,10.7892172,106.6595818,2,Hem/Ngo,Duong thang
6151468200,10.7919225,106.6618442,3,Duong lon,Nga ba
6180467010,10.7876751,106.6640699,6,Hem/Ngo,Nga 6
6180488760,10.7879639,106.6643961,6,Hem/Ngo,Nga 6
6252958283,10.791916,106.6660377,2,Hem/Ngo,Duong thang
6252958835,10.7956846,106.6653803,6,Hem/Ngo,Nga 6
6252958838,10.7959144,106.6645421,2,Hem/Ngo,Duong thang
6252958884,10.7956498,106.6675665,6,Hem/Ngo,Nga 6
6252958986,10.7958932,106.6675434,2,Hem/Ngo,Duong thang
6252959056,10.7996395,106.6667088,6,Hem/Ngo,Nga 6
6252959057,10.79975,106.6663454,2,Hem/Ngo,Duong thang
6257990162,10.7929445,106.6547026,2,Hem/Ngo,Duong thang
6257994021,10.7965676,106.6546336,4,Hem/Ngo,Nga tu
6257994022,10.7970475,106.65517,2,Hem/Ngo,Duong thang
6257994023,10.7970351,106.6546219,6,Hem/Ngo,Nga 6
6257994026,10.7975235,106.6545744,2,Hem/Ngo,Duong thang
6257994027,10.7971273,106.6547245,6,Hem/Ngo,Nga 6
6257994031,10.7974593,106.6546772,2,Hem/Ngo,Duong thang
6257994039,10.7991329,106.6571047,6,Duong lon,Nga 6
6257994041,10.798664,106.6571686,2,Hem/Ngo,Duong thang
6257994043,10.7987347,106.6573383,2,Hem/Ngo,Duong thang
6257994118,10.8050384,106.6623535,6,Duong nho,Nga 6
6257994121,10.8048294,106.662867,2,Hem/Ngo,Duong thang
6258204789,10.7896371,106.66146,2,Hem/Ngo,Duong thang
6258204791,10.7897768,106.6617102,2,Hem/Ngo,Duong thang
6258204794,10.7888422,106.6616898,6,Hem/Ngo,Nga 6
6258204795,10.7887607,106.6618492,2,Hem/Ngo,Duong thang
6258204796,10.788789,106.6616586,6,Hem/Ngo,Nga 6
6258204797,10.7888999,106.6614979,2,Hem/Ngo,Duong thang
6258204800,10.7879994,106.664007,2,Hem/Ngo,Duong thang
6258204801,10.7882254,106.664368,2,Hem/Ngo,Duong thang
6258204802,10.7884618,106.6643096,2,Hem/Ngo,Duong thang
6258204804,10.7885174,106.6644848,2,Hem/Ngo,Duong thang
6258204805,10.7883869,106.664536,6,Hem/Ngo,Nga 6
6258204806,10.7885452,106.6646653,2,Hem/Ngo,Duong thang
6258204807,10.7897835,106.6642281,6,Hem/Ngo,Nga 6
6258204809,10.7901141,106.6644599,2,Hem/Ngo,Duong thang
6258204845,10.7897406,106.6622592,6,Hem/Ngo,Nga 6
6258204865,10.7909365,106.6607357,2,Hem/Ngo,Duong thang
6258204867,10.7907326,106.6606493,6,Hem/Ngo,Nga 6
6258204868,10.7908247,106.6604348,2,Hem/Ngo,Duong thang
6258204869,10.7917202,106.6605183,6,Hem/Ngo,Nga 6
6258204870,10.7915612,106.6604415,6,Hem/Ngo,Nga 6
6258204873,10.791104,106.6601988,2,Hem/Ngo,Duong thang
6258204876,10.7914228,106.6604844,2,Hem/Ngo,Duong thang
6258204878,10.7921052,106.6600258,2,Hem/Ngo,Duong thang
6258204887,10.7909065,106.6603054,6,Hem/Ngo,Nga 6
6258204888,10.7912661,106.6604643,2,Hem/Ngo,Duong thang
6258204899,10.7910854,106.6598508,6,Hem/Ngo,Nga 6
6258204900,10.7912439,106.6594514,6,Hem/Ngo,Nga 6
6258204905,10.7908159,106.6594146,2,Hem/Ngo,Duong thang
6258204909,10.7913121,106.6593353,6,Hem/Ngo,Nga 6
6258204915,10.7914913,106.6595617,2,Hem/Ngo,Duong thang
6258204916,10.7919524,106.6593451,2,Hem/Ngo,Duong thang
6258204917,10.7913788,106.6589284,6,Hem/Ngo,Nga 6
6258204918,10.7912989,106.6590546,2,Hem/Ngo,Duong thang
6258204919,10.7912962,106.6588786,6,Hem/Ngo,Nga 6
6258204920,10.7912206,106.6590068,2,Hem/Ngo,Duong thang
6258204921,10.7912858,106.6588435,6,Hem/Ngo,Nga 6
6258204923,10.7911216,106.6589431,6,Hem/Ngo,Nga 6
6258204927,10.7900331,106.6587554,6,Duong lon,Nga 6
6258204935,10.79067,106.6584271,6,Hem/Ngo,Nga 6
6258204936,10.7907738,106.6582575,6,Hem/Ngo,Nga 6
6258204938,10.7907423,106.6582401,2,Hem/Ngo,Duong thang
6258204939,10.7908759,106.6585062,6,Hem/Ngo,Nga 6
6258204942,10.7914996,106.6584024,2,Hem/Ngo,Duong thang
6258204946,10.7918276,106.658832,2,Hem/Ngo,Duong thang
6258204947,10.7916603,106.6589144,6,Hem/Ngo,Nga 6
6258204952,10.7920217,106.6584565,2,Hem/Ngo,Duong thang
6260063295,10.7851392,106.6597691,6,Duong nho,Nga 6
6263969526,10.7883345,106.6590753,6,Duong lon,Nga 6
6263969528,10.7881228,106.659086,2,Hem/Ngo,Duong thang
6263969576,10.7889046,106.6545945,2,Hem/Ngo,Duong thang
6269039018,10.7857599,106.6517429,6,Duong nho,Nga 6
6269039020,10.7856347,106.6514908,2,Hem/Ngo,Duong thang
6269039024,10.7853507,106.6510525,6,Duong lon,Nga 6
6269039026,10.7853614,106.6514218,2,Hem/Ngo,Duong thang
6269039027,10.7853654,106.6512724,6,Hem/Ngo,Nga 6
6269039028,10.7855187,106.6512893,2,Hem/Ngo,Duong thang
6269039102,10.7823239,106.6525599,2,Hem/Ngo,Duong thang
6269039143,10.780863,106.6516782,2,Hem/Ngo,Duong thang
6270855679,10.7790598,106.6544554,6,Hem/Ngo,Nga 6
6270855680,10.7788496,106.6542366,2,Hem/Ngo,Duong thang
6270855684,10.7789512,106.6539541,6,Hem/Ngo,Nga 6
6270856085,10.7788255,106.6540841,2,Hem/Ngo,Duong thang
6270856140,10.7775606,106.6526512,6,Hem/Ngo,Nga 6
6270856141,10.7773091,106.6529148,2,Hem/Ngo,Duong thang
6270856142,10.7773769,106.6528438,6,Hem/Ngo,Nga 6
6270856143,10.7775104,106.6529688,2,Hem/Ngo,Duong thang
6270856146,10.7779429,106.6538303,6,Duong nho,Nga 6
6270856148,10.7782247,106.6538653,2,Hem/Ngo,Duong thang
6270856149,10.7783417,106.6533904,6,Hem/Ngo,Nga 6
6270856150,10.7782231,106.6535234,6,Hem/Ngo,Nga 6
6270856152,10.7781429,106.6535203,2,Hem/Ngo,Duong thang
6270856153,10.7782731,106.6535649,2,Hem/Ngo,Duong thang
6270856167,10.7778198,106.6539392,2,Hem/Ngo,Duong thang
6270856173,10.7768321,106.6535857,6,Hem/Ngo,Nga 6
6270856175,10.7765743,106.6535218,2,Hem/Ngo,Duong thang
6270856193,10.7783026,106.6512895,2,Hem/Ngo,Duong thang
6270856209,10.7758454,106.649402,2,Hem/Ngo,Duong thang
6270856210,10.7758807,106.6488098,6,Duong lon,Nga 6
6270856212,10.7757153,106.6491848,6,Hem/Ngo,Nga 6
6270856214,10.7757531,106.6492803,2,Hem/Ngo,Duong thang
6270856215,10.7756351,106.6492988,2,Hem/Ngo,Duong thang
6270856353,10.7701861,106.6526116,6,Duong lon,Nga 6
6270856355,10.7700257,106.6523532,2,Hem/Ngo,Duong thang
6270856356,10.7696587,106.6525452,6,Duong lon,Nga 6
6270856357,10.7697041,106.652109,2,Hem/Ngo,Duong thang
6327030639,10.8136602,106.6652849,3,Duong lon,Nga ba
6327281096,10.7774625,106.6482299,2,Hem/Ngo,Duong thang
6327281131,10.7811153,106.6446114,6,Hem/Ngo,Nga 6
6327281135,10.7815024,106.6443512,2,Hem/Ngo,Duong thang
6327281136,10.7813157,106.6445107,6,Hem/Ngo,Nga 6
6327281138,10.7817499,106.6442041,6,Hem/Ngo,Nga 6
6327281140,10.7824982,106.6435361,2,Hem/Ngo,Duong thang
6327281142,10.7824089,106.6441845,6,Hem/Ngo,Nga 6
6327281145,10.7825707,106.6440788,2,Hem/Ngo,Duong thang
6327281147,10.7825527,106.6442231,2,Hem/Ngo,Duong thang
6327479307,10.7819018,106.6451215,2,Hem/Ngo,Duong thang
6327479313,10.7816187,106.6443428,2,Hem/Ngo,Duong thang
6327479314,10.7827473,106.6449493,2,Hem/Ngo,Duong thang
6327479315,10.7829977,106.6448196,4,Hem/Ngo,Nga tu
6327479320,10.7830452,106.6449101,6,Hem/Ngo,Nga 6
6327479321,10.7828968,106.6449847,2,Hem/Ngo,Duong thang
6327479324,10.7832507,106.6437768,6,Hem/Ngo,Nga 6
6327479333,10.7835568,106.6443787,2,Hem/Ngo,Duong thang
6327479334,10.7837555,106.6444333,6,Hem/Ngo,Nga 6
6327479335,10.7835517,106.6438225,6,Hem/Ngo,Nga 6
6327479337,10.7833817,106.6442362,6,Hem/Ngo,Nga 6
6327479339,10.7831662,106.6437619,2,Hem/Ngo,Duong thang
6327563149,10.7824585,106.6499483,6,Hem/Ngo,Nga 6
6327563152,10.7824417,106.6496424,2,Hem/Ngo,Duong thang
6327563169,10.7824149,106.6485931,2,Hem/Ngo,Duong thang
6327563172,10.7827484,106.6485682,6,Hem/Ngo,Nga 6
6327563173,10.7825512,106.6485806,6,Hem/Ngo,Nga 6
6327563175,10.7822652,106.6484175,2,Hem/Ngo,Duong thang
6327564767,10.783043,106.6492869,6,Duong lon,Nga 6
6327564770,10.7829962,106.6490164,2,Hem/Ngo,Duong thang
6327564775,10.7827501,106.6480267,6,Hem/Ngo,Nga 6
6327564782,10.7822452,106.6479923,2,Hem/Ngo,Duong thang
6327564808,10.7827922,106.6457588,6,Hem/Ngo,Nga 6
6327564809,10.7830497,106.6457724,2,Hem/Ngo,Duong thang
6327564810,10.782766,106.6455788,6,Hem/Ngo,Nga 6
6327564812,10.7829673,106.6455622,6,Hem/Ngo,Nga 6
6327564816,10.783242,106.6454772,2,Hem/Ngo,Duong thang
6327564817,10.7829673,106.6453961,6,Hem/Ngo,Nga 6
6327564818,10.7833835,106.6457331,6,Hem/Ngo,Nga 6
6327564820,10.7832228,106.6457852,2,Hem/Ngo,Duong thang
6327564821,10.7836068,106.6450468,6,Hem/Ngo,Nga 6
6327564822,10.7838792,106.6453447,2,Hem/Ngo,Duong thang
6327564824,10.7835889,106.6447129,2,Hem/Ngo,Duong thang
6327564825,10.78487,106.6465366,6,Duong nho,Nga 6
6327564847,10.7836217,106.647153,6,Duong lon,Nga 6
6327564848,10.7841665,106.6472614,2,Hem/Ngo,Duong thang
6327564854,10.7840729,106.646352,6,Duong lon,Nga 6
6327564855,10.7842009,106.646694,2,Hem/Ngo,Duong thang
6327564858,10.7843569,106.6466473,2,Hem/Ngo,Duong thang
6327564859,10.784749,106.6465933,6,Hem/Ngo,Nga 6
6327564861,10.7845771,106.6469135,2,Hem/Ngo,Duong thang
6327564862,10.78435,106.6475076,2,Hem/Ngo,Duong thang
6327564864,10.7840174,106.6475206,2,Hem/Ngo,Duong thang
6327564865,10.7835636,106.6477689,6,Duong lon,Nga 6
6327564866,10.7840564,106.6477844,2,Hem/Ngo,Duong thang
6327564867,10.7842647,106.6480414,6,Hem/Ngo,Nga 6
6327564868,10.7839692,106.648116,2,Hem/Ngo,Duong thang
6327564869,10.7839072,106.6485818,6,Duong nho,Nga 6
6327564872,10.7840472,106.6482398,2,Hem/Ngo,Duong thang
6372499824,10.7778539,106.6561296,2,Duong lon,Duong thang
6517577914,10.8167631,106.675293,2,Hem/Ngo,Duong thang
6517577915,10.8148336,106.6738768,2,Hem/Ngo,Duong thang
6544280023,10.8067065,106.6655264,2,Duong nho,Duong thang
6544317963,10.8152297,106.6720788,2,Hem/Ngo,Duong thang
6544332035,10.8149036,106.672525,4,Hem/Ngo,Nga tu
6544332038,10.8153375,106.672311,6,Hem/Ngo,Nga 6
6544342183,10.8158933,106.6740194,2,Hem/Ngo,Duong thang
6631011108,10.8139098,106.6331536,4,Duong lon,Nga tu
6631011113,10.8131861,106.6330771,2,Duong lon,Duong thang
6631011129,10.8216259,106.6398767,2,Duong lon,Duong thang
6631011130,10.8216604,106.639787,2,Duong lon,Duong thang
6631169220,10.7750421,106.6482618,2,Duong lon,Duong thang
6631169227,10.7750766,106.6478457,2,Duong lon,Duong thang
6631169233,10.801282,106.637651,4,Hem/Ngo,Nga tu
6631169234,10.8012256,106.6378845,4,Hem/Ngo,Nga tu
6631169236,10.801765,106.6499412,3,Duong lon,Nga ba
6631169238,10.801749,106.6501285,4,Hem/Ngo,Nga tu
6631169239,10.8020481,106.6450687,4,Duong lon,Nga tu
6631418433,10.7851849,106.6422686,4,Duong nho,Nga tu
6631418434,10.7850151,106.6423229,4,Duong lon,Nga tu
6640164259,10.7937614,106.6517523,4,Duong lon,Nga tu
6640164285,10.7869271,106.653519,2,Duong lon,Duong thang
6640164288,10.7868036,106.6536852,4,Duong lon,Nga tu
6640164291,10.7866216,106.6536071,2,Duong lon,Duong thang
6702039667,10.8249603,106.6338915,2,Hem/Ngo,Duong thang
6712444492,10.7694154,106.6525035,3,Duong lon,Nga ba
6718428645,10.8288927,106.6390941,2,Hem/Ngo,Duong thang
6906298872,10.8143117,106.6629294,2,Duong lon,Duong thang
7016486226,10.8083075,106.6666675,6,Duong nho,Nga 6
7062652714,10.7763945,106.6538934,2,Duong lon,Duong thang
7119043410,10.8048932,106.6596905,2,Duong nho,Duong thang
7401633983,10.7998751,106.662013,6,Duong nho,Nga 6
7401633984,10.7996849,106.6616844,2,Hem/Ngo,Duong thang
7738882337,10.8084015,106.6671917,2,Duong nho,Duong thang
7773824185,10.8108607,106.644534,2,Duong nho,Duong thang
7822919232,10.8005087,106.6633341,2,Duong lon,Duong thang
7822919253,10.8001703,106.6621969,2,Hem/Ngo,Duong thang
7822919260,10.8002157,106.661861,6,Duong nho,Nga 6
7940859498,10.8106413,106.6678215,6,Duong nho,Nga 6
7940859499,10.8100482,106.6680266,2,Hem/Ngo,Duong thang
7940859500,10.810689,106.6679456,6,Duong nho,Nga 6
7940859501,10.8103581,106.6680631,2,Hem/Ngo,Duong thang
7940859502,10.8104931,106.6674358,4,Duong nho,Nga tu
7940859504,10.8104353,106.6672856,6,Duong nho,Nga 6
7940859505,10.809984,106.667445,2,Hem/Ngo,Duong thang
8344770343,10.8067641,106.6463013,4,Duong nho,Nga tu
8366616703,10.7901172,106.6599185,4,Hem/Ngo,Nga tu
8366749478,10.783366,106.6448316,2,Hem/Ngo,Duong thang
8370561197,10.8247319,106.635006,4,Duong nho,Nga tu
8816264561,10.8073283,106.6695033,4,Hem/Ngo,Nga tu
8816676442,10.8134047,106.6664879,2,Duong lon,Duong thang
8817803045,10.8278898,106.6341192,4,Hem/Ngo,Nga tu
8995743760,10.8005391,106.6638266,4,Duong lon,Nga tu
8995743761,10.8008863,106.6586813,3,Duong lon,Nga ba
9599058300,10.7926399,106.6533142,2,Duong lon,Duong thang
9599058301,10.7927004,106.6532078,2,Duong lon,Duong thang
9620524357,10.7953539,106.6579409,4,Hem/Ngo,Nga tu
10069778448,10.8091245,106.6476442,2,Duong nho,Duong thang
10079002159,10.8218196,106.6313849,2,Duong nho,Duong thang
10154991653,10.7913133,106.6544258,2,Hem/Ngo,Duong thang
10165794948,10.7832824,106.643334,6,Hem/Ngo,Nga 6
10165794949,10.7832417,106.6431015,2,Hem/Ngo,Duong thang
10165794951,10.7834734,106.643432,6,Hem/Ngo,Nga 6
10593824471,10.7752769,106.6483864,4,Duong lon,Nga tu
10792191361,10.8008153,106.6616907,3,Duong lon,Nga ba
10904787165,10.8068257,106.6666832,2,Hem/Ngo,Duong thang
10960824994,10.7928846,106.6534492,2,Duong lon,Duong thang
10960824995,10.7926968,106.6537942,2,Duong lon,Duong thang
11024170073,10.7894362,106.6647271,2,Hem/Ngo,Duong thang
11029840880,10.7981009,106.6518155,2,Duong nho,Duong thang
11039303870,10.7933527,106.663302,2,Hem/Ngo,Duong thang
11057882807,10.8113205,106.6672919,6,Hem/Ngo,Nga 6
11059131831,10.8015585,106.6654251,3,Duong lon,Nga ba
11088322407,10.7952504,106.6565922,4,Hem/Ngo,Nga tu
11113806449,10.8169045,106.6698902,2,Duong lon,Duong thang
11221952800,10.7881094,106.6624119,6,Duong lon,Nga 6
11234903727,10.7779736,106.6470908,2,Hem/Ngo,Duong thang
11235473528,10.7943781,106.6673765,2,Hem/Ngo,Duong thang
11301412300,10.8276939,106.6367184,2,Hem/Ngo,Duong thang
11303835912,10.816423,106.6674279,2,Duong nho,Duong thang
11323053473,10.8009836,106.6575601,6,Duong lon,Nga 6
11323053474,10.801113,106.6575558,4,Duong lon,Nga tu
11360463211,10.794906,106.658954,8,Duong lon,Nga 8
11360463236,10.7933443,106.6596201,3,Duong lon,Nga ba
11360463239,10.7933533,106.6591498,3,Duong lon,Nga ba
11360463241,10.7932173,106.6591181,3,Duong lon,Nga ba
11361603941,10.7914777,106.6619719,4,Duong lon,Nga tu
11361818072,10.7978185,106.6583852,4,Duong lon,Nga tu
11361818077,10.7983908,106.6582226,4,Duong lon,Nga tu
11361818078,10.7978864,106.6583521,4,Duong lon,Nga tu
11361818080,10.7978681,106.6584341,4,Duong lon,Nga tu
11361818084,10.7993868,106.6579611,8,Duong lon,Nga 8
11361818103,10.7993071,106.6579816,4,Duong lon,Nga tu
11361818110,10.7979468,106.6586576,4,Duong nho,Nga tu
11361818111,10.7976475,106.6588828,4,Duong nho,Nga tu
11361818114,10.7979359,106.6584002,4,Duong lon,Nga tu
11361818115,10.7981055,106.658565,2,Duong lon,Duong thang
11361818116,10.7980401,106.6586037,4,Duong lon,Nga tu
11363982568,10.7969986,106.6646123,8,Duong lon,Nga 8
11363987276,10.7938363,106.6628342,6,Duong lon,Nga 6
11364104879,10.7910211,106.6657482,3,Duong lon,Nga ba
11365651736,10.800684,106.6609869,2,Duong lon,Duong thang
11365651737,10.8008603,106.6605025,2,Duong lon,Duong thang
11365759160,10.7985319,106.6650518,8,Duong lon,Nga 8
11378916217,10.7957358,106.6672766,4,Duong nho,Nga tu
11389684401,10.7928951,106.6533154,2,Duong lon,Duong thang
11391710166,10.7989336,106.6580856,4,Duong lon,Nga tu
11391735135,10.800568,106.6598726,3,Duong lon,Nga ba
11391735136,10.8007606,106.6597524,2,Duong lon,Duong thang
11399978019,10.8023364,106.6414873,2,Duong lon,Duong thang
11399978022,10.8021853,106.6416697,2,Duong nho,Duong thang
11399978032,10.8041927,106.6375256,6,Duong lon,Nga 6
11407062277,10.8033497,106.6660985,5,Duong lon,Nga 5
11411815956,10.8055073,106.6571273,2,Duong lon,Duong thang
11412849321,10.8043014,106.6640362,5,Hem/Ngo,Nga 5
11412869314,10.8045678,106.6611142,6,Duong lon,Nga 6
11414362356,10.7998474,106.6578317,4,Duong lon,Nga tu
11414362359,10.799531,106.6579179,4,Duong lon,Nga tu
11414424406,10.7954801,106.6656689,2,Hem/Ngo,Duong thang
11414718179,10.8018609,106.6470249,2,Duong lon,Duong thang
11414718180,10.8020166,106.6470405,2,Duong lon,Duong thang
11414836960,10.8011373,106.6621722,2,Duong lon,Duong thang
11414836962,10.8006326,106.6616736,4,Duong lon,Nga tu
11414869197,10.8007913,106.6575484,2,Duong lon,Duong thang
11414869198,10.8004355,106.6576789,4,Duong lon,Nga tu
11435593177,10.8029084,106.6361258,2,Duong lon,Duong thang
11438217215,10.7960237,106.6396139,6,Duong nho,Nga 6
11438217257,10.7989768,106.6419389,6,Duong lon,Nga 6
11438217258,10.7990412,106.64196,4,Duong lon,Nga tu
11438719528,10.7980264,106.6437296,6,Duong lon,Nga 6
11438719531,10.7980931,106.6437505,4,Duong lon,Nga tu
11443990833,10.7968902,106.6458437,6,Duong lon,Nga 6
11443990834,10.7969504,106.6458773,4,Duong lon,Nga tu
11446167735,10.8038408,106.635809,4,Duong lon,Nga tu
11452099354,10.7954899,106.6484568,4,Duong lon,Nga tu
11452099363,10.7961139,106.6474333,2,Duong lon,Duong thang
11452099364,10.7960557,106.6473996,2,Duong lon,Duong thang
11453123766,10.807646,106.6348114,3,Duong lon,Nga ba
11453253009,10.8048605,106.6418984,4,Duong nho,Nga tu
11457533514,10.7866714,106.6434295,8,Duong lon,Nga 8
11457538169,10.7889312,106.6455351,6,Duong nho,Nga 6
11457538233,10.7859423,106.6416355,4,Duong lon,Nga tu
11457538355,10.7858893,106.6436345,6,Duong lon,Nga 6
11457538361,10.7849265,106.6420485,6,Duong lon,Nga 6
11468812721,10.7933066,106.6525906,4,Duong lon,Nga tu
11483124153,10.7860591,106.6454393,6,Duong lon,Nga 6
11491215620,10.7996718,106.6562974,6,Hem/Ngo,Nga 6
11491224311,10.804671,106.6619955,2,Hem/Ngo,Duong thang
11575992181,10.7965991,106.6583237,2,Hem/Ngo,Duong thang
11584778561,10.7711798,106.6527189,4,Duong lon,Nga tu
11743575445,10.7883205,106.6603302,6,Duong lon,Nga 6
11761069770,10.8017969,106.6367198,3,Duong lon,Nga ba
11927555949,10.7893338,106.6600826,4,Duong lon,Nga tu
11932199883,10.7895843,106.6521496,6,Duong lon,Nga 6
11993191643,10.7941738,106.6510425,2,Duong lon,Duong thang
12014583424,10.7844833,106.6542204,6,Duong nho,Nga 6
12074868841,10.8238722,106.6293057,4,Duong nho,Nga tu
12074894069,10.8186831,106.6334389,4,Duong nho,Nga tu
12120475978,10.7903678,106.6549636,6,Hem/Ngo,Nga 6
12120475979,10.7912391,106.6553047,4,Hem/Ngo,Nga tu
12120475981,10.7907367,106.655108,8,Hem/Ngo,Nga 8
12120475982,10.7908669,106.655159,8,Hem/Ngo,Nga 8
12295658876,10.7939181,106.6519279,2,Duong lon,Duong thang
12350504397,10.8073925,106.6549246,2,Duong lon,Duong thang
12350504398,10.8084614,106.6549194,2,Duong lon,Duong thang
12350576306,10.8056044,106.6571385,2,Duong lon,Duong thang
12350576329,10.8065102,106.6548994,3,Duong lon,Nga ba
12350576330,10.8050015,106.6548582,4,Duong lon,Nga tu
12462059893,10.7995071,106.651798,4,Duong nho,Nga tu
12518609456,10.8090596,106.6528301,3,Duong lon,Nga ba
12518609457,10.8088582,106.6528131,2,Duong lon,Duong thang
12564849499,10.8065055,106.655054,3,Duong lon,Nga ba
12564865111,10.8096747,106.6460303,3,Duong lon,Nga ba
12564865130,10.8095507,106.6460181,3,Duong lon,Nga ba
12564865142,10.806343,106.6360702,3,Duong lon,Nga ba
12564865148,10.8096637,106.6448695,4,Duong lon,Nga tu
12564865151,10.8060683,106.6551565,3,Duong lon,Nga ba
12564865166,10.8041695,106.6616734,3,Duong lon,Nga ba
12564865171,10.8103247,106.6527685,3,Duong lon,Nga ba
12564865229,10.8118711,106.6562911,2,Duong lon,Duong thang
12586968984,10.809569,106.6480957,4,Duong lon,Nga tu
12642585029,10.812288,106.6649261,2,Duong lon,Duong thang
12642585030,10.8122702,106.6651466,2,Duong lon,Duong thang
12738755470,10.8090736,106.6526451,3,Duong lon,Nga ba
12738755472,10.8090471,106.6530783,3,Duong lon,Nga ba
12738755477,10.8110444,106.6531332,3,Duong lon,Nga ba
12749483933,10.8119006,106.6554687,3,Duong lon,Nga ba
12765516717,10.8062399,106.6361787,4,Duong lon,Nga tu
12793896106,10.8079952,106.6401391,4,Duong lon,Nga tu
12793896107,10.8097891,106.64478,2,Duong lon,Duong thang
12834017505,10.801246,106.6545425,4,Duong lon,Nga tu
12856066554,10.7852898,106.6614973,4,Duong nho,Nga tu
12856066555,10.7856604,106.6628211,4,Duong nho,Nga tu
12856066557,10.7867794,106.6615659,4,Hem/Ngo,Nga tu
12878563557,10.8111621,106.6557865,2,Duong lon,Duong thang
12878563573,10.8124836,106.6560546,3,Duong lon,Nga ba
12878563576,10.8121965,106.6561983,2,Duong lon,Duong thang
12878563579,10.8108461,106.6555555,3,Duong lon,Nga ba
12878563582,10.8113084,106.6538622,3,Duong lon,Nga ba
12888217064,10.8056011,106.645083,2,Hem/Ngo,Duong thang
12901439433,10.8112296,106.6542276,2,Duong lon,Duong thang
12901439442,10.8093862,106.652773,4,Duong lon,Nga tu
12901439444,10.8090639,106.6527655,3,Duong lon,Nga ba
12901439447,10.8090558,106.6529039,3,Duong lon,Nga ba
12901439450,10.8090515,106.6529889,3,Duong lon,Nga ba
12901439455,10.8090679,106.652702,3,Duong lon,Nga ba
12901439456,10.8095681,106.652774,3,Duong lon,Nga ba
12901439457,10.8097259,106.6527706,3,Duong lon,Nga ba
12908951539,10.8088375,106.6530635,2,Duong lon,Duong thang
12991340401,10.8062994,106.6363136,2,Duong lon,Duong thang
13086411831,10.8062881,106.6548909,3,Duong lon,Nga ba
13098131247,10.7833243,106.644639,2,Hem/Ngo,Duong thang
13103079807,10.774856,106.6531503,4,Duong lon,Nga tu
13103079809,10.7749438,106.653158,4,Duong lon,Nga tu
13103143564,10.8024989,106.663434,3,Duong lon,Nga ba
13120862921,10.8089928,106.6536324,2,Duong lon,Duong thang
13120862922,10.8087853,106.6536127,2,Duong lon,Duong thang
13189183911,10.8027233,106.663593,3,Duong lon,Nga ba
13189183912,10.8025621,106.6634788,3,Duong lon,Nga ba
13189183913,10.802645,106.6634037,2,Duong lon,Duong thang
13189183914,10.8027798,106.6635182,2,Duong lon,Duong thang
