node_id,vi do,kinh do,degree,loai
366367322,10.7991329,106.6571621,6,Nga 6
366367617,10.8102713,106.6668589,8,Nga 8
366367660,10.7901425,106.6432639,8,Nga 8
366368733,10.7965385,106.6525594,6,Nga 6
366369484,10.7964286,106.6643864,6,Nga 6
366369902,10.8058582,106.6410987,6,Nga 6
366369976,10.7926171,106.6598668,4,Nga 4
366370841,10.8146682,106.6719795,4,Nga 4
366370884,10.7796422,106.6445259,6,Nga 6
366371936,10.7902203,106.640794,4,Nga 4
366372109,10.7833862,106.6613755,6,Nga 6
366372360,10.7993025,106.6563821,6,Nga 6
366372400,10.791368,106.6414231,6,Nga 6
366373568,10.8072974,106.6615214,6,Nga 6
366373656,10.7839027,106.6465703,6,Nga 6
366373991,10.7963062,106.6469313,4,Nga 4
366375943,10.7956238,106.6639667,8,Nga 8
366376504,10.7887216,106.6625878,6,Nga 6
366377240,10.8086299,106.6552412,3,Nga 3
366379261,10.8023233,106.6416505,5,Nga 5
366379315,10.7909631,106.6412738,6,Nga 6
366380463,10.7964983,106.6546622,4,Nga 4
366380528,10.7776167,106.6519915,6,Nga 6
366380840,10.7801864,106.6533088,6,Nga 6
366381292,10.7771508,106.6522564,6,Nga 6
366382479,10.8093335,106.6480851,6,Nga 6
366382807,10.7977201,106.6496075,6,Nga 6
366383494,10.7778492,106.6537393,6,Nga 6
366384365,10.7932802,106.6670886,4,Nga 4
366384461,10.7943767,106.6426525,8,Nga 8
366384546,10.7765539,106.6533297,6,Nga 6
366384620,10.7808659,106.6540552,6,Nga 6
366384785,10.793286,106.6664289,6,Nga 6
366385430,10.7937036,106.6566094,6,Nga 6
366386004,10.817234,106.637042,5,Nga 5
366386373,10.8009599,106.652582,6,Nga 6
366386647,10.8233495,106.6361631,6,Nga 6
366388443,10.7995707,106.6509174,8,Nga 8
366388635,10.8125003,106.664351,3,Nga 3
366390571,10.7963946,106.6467667,4,Nga 4
366393276,10.7845984,106.6522654,6,Nga 6
366393436,10.7994593,106.6524496,6,Nga 6
366399081,10.7888655,106.6455004,6,Nga 6
366400309,10.7934898,106.6649853,6,Nga 6
366401235,10.8079193,106.6628729,6,Nga 6
366401316,10.7883229,106.6620189,6,Nga 6
366401453,10.802996,106.660681,6,Nga 6
366401647,10.7834601,106.652919,5,Nga 5
366402781,10.8146428,106.6659035,6,Nga 6
366403291,10.7792906,106.6551579,6,Nga 6
366404398,10.8087192,106.6696415,4,Nga 4
366404401,10.8133416,106.6671455,4,Nga 4
366405142,10.7930084,106.657935,6,Nga 6
366405431,10.8236476,106.6299029,4,Nga 4
366405629,10.7758207,106.6533519,6,Nga 6
366405688,10.8090756,106.6552677,3,Nga 3
366405690,10.7955926,106.6408283,8,Nga 8
366405923,10.7912333,106.6498827,6,Nga 6
366406232,10.8059046,106.6643717,4,Nga 4
366407106,10.780723,106.6437899,6,Nga 6
366407716,10.8047422,106.645936,6,Nga 6
366408344,10.7986889,106.6496787,6,Nga 6
366409251,10.7916421,106.6508178,4,Nga 4
366409261,10.8003236,106.6473307,6,Nga 6
366409336,10.8004617,106.6525379,6,Nga 6
366410821,10.8157466,106.6686619,6,Nga 6
366410861,10.7988459,106.6621288,6,Nga 6
366411420,10.7883368,106.6466569,4,Nga 4
366412678,10.8005747,106.651,8,Nga 8
366414715,10.7846817,106.656818,8,Nga 8
366415275,10.7857018,106.6564143,6,Nga 6
366415511,10.789851,106.6474284,4,Nga 4
366415550,10.7822249,106.6429528,6,Nga 6
366418205,10.782943,106.648662,6,Nga 6
366418292,10.7796572,106.6555118,4,Nga 4
366418376,10.8090255,106.6500811,4,Nga 4
366418699,10.7774093,106.6525121,6,Nga 6
366418858,10.7945909,106.6501322,4,Nga 4
366419588,10.7833756,106.6580153,6,Nga 6
366419728,10.7949943,106.6635751,6,Nga 6
366419791,10.8066895,106.6694397,6,Nga 6
366420151,10.8162422,106.6719521,8,Nga 8
366420266,10.8276117,106.6403468,6,Nga 6
366420561,10.806515,106.6350231,3,Nga 3
366420809,10.7852283,106.6546489,6,Nga 6
366421489,10.7823428,106.644249,6,Nga 6
366423994,10.8144304,106.67014,6,Nga 6
366425070,10.8001426,106.6497854,8,Nga 8
366425158,10.7981765,106.6496411,6,Nga 6
366426004,10.8017494,106.665673,3,Nga 3
366426153,10.7895131,106.6471563,6,Nga 6
366426166,10.7822502,106.643603,6,Nga 6
366426340,10.7888475,106.6561425,6,Nga 6
366426580,10.8014102,106.6526218,4,Nga 4
366426616,10.8048489,106.6635388,6,Nga 6
366426889,10.8000137,106.6592676,6,Nga 6
366427287,10.8059767,106.6682045,6,Nga 6
366427592,10.8046808,106.6409754,6,Nga 6
366428142,10.8041723,106.6458803,6,Nga 6
366428555,10.8151008,106.6700524,6,Nga 6
366428976,10.7933252,106.6401827,5,Nga 5
366429593,10.8172106,106.6722666,6,Nga 6
366430300,10.783832,106.655615,6,Nga 6
366430703,10.7865865,106.6529364,6,Nga 6
366431110,10.8044603,106.6610828,6,Nga 6
366432089,10.78379,106.6467205,6,Nga 6
366432734,10.7859833,106.6593011,6,Nga 6
366433451,10.7879852,106.6465244,3,Nga 3
366435681,10.7843266,106.6460145,6,Nga 6
366437295,10.7972934,106.6642136,6,Nga 6
366437817,10.7871772,106.6527782,8,Nga 8
366438456,10.7812978,106.6536095,6,Nga 6
366438688,10.8060159,106.6445074,8,Nga 8
366438769,10.785053,106.653975,4,Nga 4
366438848,10.8047968,106.6664834,7,Nga 7
366439050,10.8126418,106.662731,3,Nga 3
366439442,10.7763253,106.6531092,6,Nga 6
366439522,10.8045155,106.6426147,6,Nga 6
366439908,10.7926994,106.6419405,6,Nga 6
366440114,10.8161004,106.669495,6,Nga 6
366440249,10.8045691,106.6477045,6,Nga 6
366440317,10.791312,106.6437566,8,Nga 8
366440637,10.8052982,106.6613206,6,Nga 6
366442820,10.790324,106.6467892,6,Nga 6
366442969,10.790551,106.6411109,6,Nga 6
366443053,10.794888,106.646202,6,Nga 6
366443267,10.8185726,106.6332344,8,Nga 8
366444740,10.8007344,106.6600827,3,Nga 3
366445008,10.7957356,106.6510668,6,Nga 6
366445199,10.7883419,106.6565553,6,Nga 6
366445441,10.8255744,106.6308082,6,Nga 6
366445567,10.7969902,106.6541743,6,Nga 6
366446221,10.7866925,106.656854,6,Nga 6
366446583,10.7935512,106.6446826,8,Nga 8
366446625,10.7869453,106.6541538,8,Nga 8
366446735,10.7986257,106.6508395,6,Nga 6
366447189,10.8251934,106.6347844,6,Nga 6
366447742,10.7951675,106.6407076,6,Nga 6
366448615,10.7935493,106.667296,4,Nga 4
366449665,10.8158311,106.6720922,6,Nga 6
366449867,10.7831076,106.6604158,6,Nga 6
366450379,10.796063,106.6565522,4,Nga 4
366450465,10.7968634,106.6585971,4,Nga 4
366450497,10.8045685,106.6642764,4,Nga 4
366450557,10.7937408,106.642383,8,Nga 8
366451136,10.7908574,106.6572106,6,Nga 6
366451985,10.8226463,106.6322775,6,Nga 6
366452028,10.8000503,106.6509568,8,Nga 8
366452230,10.7848174,106.6587981,6,Nga 6
366452464,10.7996556,106.6497498,6,Nga 6
366453189,10.7924989,106.6557475,6,Nga 6
366453810,10.8039521,106.6609465,6,Nga 6
366454779,10.798109,106.650797,6,Nga 6
366454807,10.7848379,106.6578031,6,Nga 6
366455528,10.8048781,106.6444067,8,Nga 8
366455540,10.7869927,106.6521464,8,Nga 8
366455587,10.7903873,106.6565306,6,Nga 6
366455701,10.8037255,106.6623099,4,Nga 4
366456001,10.8082971,106.6654911,6,Nga 6
366456448,10.8201289,106.6360194,6,Nga 6
366457740,10.7874599,106.6560198,6,Nga 6
366457909,10.8006649,106.649824,6,Nga 6
366457962,10.8231706,106.6357429,6,Nga 6
366457990,10.7941863,106.6545429,4,Nga 4
366458128,10.8262248,106.6343135,6,Nga 6
366458681,10.7851448,106.6521227,6,Nga 6
366459519,10.791059,106.651149,6,Nga 6
366460195,10.7893893,106.6517262,6,Nga 6
366461628,10.7991752,106.6497145,6,Nga 6
366461736,10.8010274,106.6570556,3,Nga 3
366462993,10.7984631,106.6626441,6,Nga 6
366463142,10.7928195,106.639622,4,Nga 4
366463324,10.789733,106.6430913,6,Nga 6
366463772,10.7884143,106.6511045,6,Nga 6
366463782,10.7921719,106.641726,6,Nga 6
366465023,10.7894617,106.6553094,6,Nga 6
366465247,10.7905378,106.650269,6,Nga 6
366466331,10.7868555,106.6560504,6,Nga 6
366466459,10.8010844,106.6510647,6,Nga 6
366466506,10.7893358,106.6429239,6,Nga 6
366466560,10.7792145,106.6465914,6,Nga 6
366466765,10.8169753,106.6716763,6,Nga 6
366467118,10.8154722,106.6741777,6,Nga 6
366467129,10.8018232,106.6474685,6,Nga 6
366467140,10.8131172,106.6700314,4,Nga 4
366467234,10.7778614,106.6521478,6,Nga 6
366468721,10.8097866,106.6655974,6,Nga 6
366468793,10.7821635,106.6442056,6,Nga 6
366469243,10.7918055,106.6553787,6,Nga 6
366469267,10.7846013,106.6458061,6,Nga 6
366471478,10.8015394,106.6511178,4,Nga 4
366472643,10.7938886,106.6584082,6,Nga 6
366472742,10.7951185,106.667152,6,Nga 6
366472852,10.7929034,106.6444245,8,Nga 8
366473083,10.8166013,106.6362252,6,Nga 6
366473550,10.7854651,106.6455863,6,Nga 6
366474304,10.7854177,106.6593407,6,Nga 6
366474550,10.7934144,106.6402079,5,Nga 5
366474984,10.7952503,106.6669823,6,Nga 6
366475372,10.7999295,106.6524909,8,Nga 8
366475467,10.8147161,106.6701518,6,Nga 6
366476092,10.7910067,106.6569184,6,Nga 6
366477181,10.783532,106.648631,6,Nga 6
366477349,10.792289,106.6556387,6,Nga 6
366477577,10.7908335,106.6552359,6,Nga 6
366478073,10.7944253,106.6404958,6,Nga 6
366478479,10.7991038,106.6508789,6,Nga 6
366478512,10.8323388,106.6339538,4,Nga 4
366478685,10.8281524,106.6412289,6,Nga 6
366478733,10.7983079,106.6676208,6,Nga 6
366479179,10.7976585,106.6507599,6,Nga 6
366479342,10.80717,106.6627897,6,Nga 6
411919080,10.7895681,106.6664503,3,Nga 3
411920930,10.7873665,106.6638,5,Nga 5
676568903,10.8059074,106.6645278,4,Nga 4
676568905,10.8079681,106.6646812,4,Nga 4
676568906,10.8094886,106.6648221,4,Nga 4
698217151,10.8033688,106.6649035,3,Nga 3
726686187,10.7930152,106.6593652,3,Nga 3
726686195,10.7906099,106.6656244,3,Nga 3
726686203,10.7914522,106.6622527,3,Nga 3
726686207,10.7918518,106.6623978,3,Nga 3
741845249,10.8142683,106.670137,6,Nga 6
759599258,10.8130444,106.6650064,3,Nga 3
1335443467,10.8066514,106.6644313,4,Nga 4
1404352840,10.8003005,106.6611255,3,Nga 3
1404352928,10.8041459,106.6641762,4,Nga 4
1404352934,10.804404,106.6658379,6,Nga 6
1404352951,10.8062151,106.669114,6,Nga 6
1404352952,10.8063392,106.6682724,6,Nga 6
1404352953,10.8067273,106.6691717,6,Nga 6
1404352955,10.8068516,106.6683648,6,Nga 6
1404352957,10.8075742,106.6695278,6,Nga 6
1409491216,10.8004218,106.6608314,3,Nga 3
1409491228,10.8006063,106.6611353,3,Nga 3
1409491230,10.8006232,106.6615765,3,Nga 3
1409491234,10.8006172,106.6610366,3,Nga 3
1409491253,10.8024062,106.6605229,6,Nga 6
1525911386,10.7836457,106.654378,6,Nga 6
1532298369,10.798685,106.6613483,6,Nga 6
1606180421,10.7778562,106.6501352,6,Nga 6
1606180426,10.7782335,106.6501373,6,Nga 6
1606180427,10.778242,106.6511008,6,Nga 6
1606180505,10.7801239,106.6499427,6,Nga 6
1606180526,10.7806527,106.6499781,6,Nga 6
1894612406,10.7987291,106.6622809,4,Nga 4
1894612445,10.7987607,106.6624306,4,Nga 4
1894612450,10.7988099,106.6625052,6,Nga 6
2061032822,10.7951495,106.655532,3,Nga 3
2061032828,10.7902768,106.6525413,3,Nga 3
2061032831,10.7901446,106.6523327,4,Nga 4
2072605079,10.8144952,106.6630018,3,Nga 3
2072605086,10.8143539,106.6639915,3,Nga 3
2072605101,10.8151353,106.6629684,3,Nga 3
2072605102,10.8139212,106.6646511,3,Nga 3
2072605114,10.8160458,106.6657673,3,Nga 3
2072605147,10.814183,106.664148,3,Nga 3
2072605163,10.8160811,106.6654762,3,Nga 3
2072605169,10.8142752,106.6631957,3,Nga 3
2072605173,10.8151044,106.6631322,3,Nga 3
2072605211,10.815171,106.6658042,3,Nga 3
2072605221,10.8152184,106.6632373,3,Nga 3
2072605244,10.813464,106.6655598,3,Nga 3
2072605305,10.8120202,106.6649078,3,Nga 3
2072605326,10.8151492,106.6630832,4,Nga 4
2072605346,10.8124595,106.6649379,4,Nga 4
2072605371,10.8161396,106.6658101,3,Nga 3
2072605381,10.8144008,106.6626731,3,Nga 3
2074208764,10.8124437,106.6651622,3,Nga 3
2077773648,10.8087362,106.6667478,8,Nga 8
2077773654,10.8080568,106.6665497,6,Nga 6
2077773659,10.8108099,106.6682602,6,Nga 6
2077773680,10.8067315,106.6653528,6,Nga 6
2077773723,10.8073324,106.6644903,4,Nga 4
2077773728,10.8047981,106.6645989,4,Nga 4
2077773747,10.805017,106.6623804,6,Nga 6
2077773754,10.8058184,106.6656717,6,Nga 6
2077773763,10.8088849,106.665545,6,Nga 6
2077773766,10.8063177,106.6645578,4,Nga 4
2077773816,10.8067969,106.6645991,4,Nga 4
2077773834,10.8055341,106.66294,6,Nga 6
2077773856,10.8077643,106.6654413,6,Nga 6
2077773861,10.8126207,106.6670822,6,Nga 6
2077773883,10.8094031,106.6667917,6,Nga 6
2077773893,10.807993,106.6648589,6,Nga 6
2077773901,10.8132305,106.6684544,5,Nga 5
2077773910,10.8070134,106.6678151,6,Nga 6
2077773917,10.8047988,106.6642959,3,Nga 3
2077773923,10.8047978,106.66508,4,Nga 4
2077773925,10.8124968,106.6683955,6,Nga 6
2077773957,10.8066608,106.6670343,6,Nga 6
2077773966,10.8067572,106.666078,6,Nga 6
2077773968,10.8060782,106.6668914,6,Nga 6
2077773983,10.8071146,106.6671625,6,Nga 6
2077774009,10.8035256,106.6667982,6,Nga 6
2077774020,10.8081807,106.6665825,6,Nga 6
2078950324,10.7973117,106.647329,6,Nga 6
2078950342,10.7964001,106.6507225,8,Nga 8
2078950404,10.7974877,106.6479055,6,Nga 6
2078950442,10.8034312,106.6591935,6,Nga 6
2078950513,10.8017637,106.6481683,4,Nga 4
2078950581,10.8007256,106.6495553,8,Nga 8
2078950617,10.8009853,106.6473889,8,Nga 8
2078950667,10.8043801,106.6595161,8,Nga 8
2078950712,10.8001655,106.6494947,6,Nga 6
2078950755,10.7980701,106.6522148,4,Nga 4
2078950776,10.7981956,106.650804,6,Nga 6
2078950811,10.797365,106.6470631,6,Nga 6
2078950839,10.8007166,106.6477029,6,Nga 6
2078950886,10.8016374,106.6496541,4,Nga 4
2078950887,10.7976879,106.6502283,6,Nga 6
2078950890,10.7977469,106.6507672,6,Nga 6
2078950901,10.7967282,106.6489786,6,Nga 6
2078950904,10.7980426,106.6479256,6,Nga 6
2078950911,10.7963266,106.6487582,6,Nga 6
2078950966,10.8002954,106.6480073,6,Nga 6
2078951000,10.7981752,106.6523358,4,Nga 4
2078951025,10.79683,106.6505347,6,Nga 6
2079964001,10.8087581,106.6343929,3,Nga 3
2079964008,10.8068643,106.6484558,6,Nga 6
2079964012,10.8073303,106.6348602,3,Nga 3
2079964021,10.8057387,106.6473485,6,Nga 6
2079964031,10.8082616,106.6471205,8,Nga 8
2079964032,10.7978645,106.6440313,4,Nga 4
2079964048,10.8004042,106.6445931,6,Nga 6
2079964070,10.8078844,106.6401743,6,Nga 6
2079964100,10.8077631,106.6446563,6,Nga 6
2079964115,10.8028928,106.6458012,6,Nga 6
2079964120,10.8000822,106.6415693,5,Nga 5
2079964128,10.8093265,106.6459661,6,Nga 6
2079964138,10.8009715,106.6431138,6,Nga 6
2079964143,10.8075674,106.646611,6,Nga 6
2079964159,10.8047696,106.6456154,6,Nga 6
2079964161,10.8093739,106.6456388,8,Nga 8
2079964163,10.808215,106.6475622,8,Nga 8
2079964167,10.8032382,106.6451762,6,Nga 6
2079964176,10.8028606,106.6386974,4,Nga 4
2079964179,10.8024829,106.6454048,8,Nga 8
2079964184,10.8016163,106.6516771,4,Nga 4
2079964211,10.8027532,106.647549,6,Nga 6
2079964219,10.7998935,106.6402394,4,Nga 4
2079964221,10.8019783,106.645644,3,Nga 3
2079964227,10.8075197,106.6470438,6,Nga 6
2079964235,10.8021529,106.6453673,4,Nga 4
2079964237,10.8069026,106.6479308,6,Nga 6
2079964242,10.8049484,106.6432954,6,Nga 6
2079964248,10.8081636,106.6480085,6,Nga 6
2079964257,10.8066478,106.64745,8,Nga 8
2079964264,10.8030406,106.6424277,6,Nga 6
2079964266,10.8016483,106.64513,6,Nga 6
2079964278,10.8028288,106.6457972,6,Nga 6
2079964288,10.8021792,106.6434395,4,Nga 4
2079964299,10.8094512,106.6450718,6,Nga 6
2079964307,10.8098117,106.6448789,4,Nga 4
2079964309,10.8026736,106.6384427,6,Nga 6
2079964317,10.806066,106.6439299,6,Nga 6
2079964322,10.802122,106.6457471,4,Nga 4
2079964336,10.8067339,106.646605,6,Nga 6
2079964337,10.8069336,106.644582,6,Nga 6
2079964338,10.8035627,106.645485,6,Nga 6
2079964346,10.8029441,106.6430988,6,Nga 6
2079964376,10.8024499,106.6457738,6,Nga 6
2079964388,10.8095088,106.6444954,4,Nga 4
2079964403,10.8034106,106.6380592,3,Nga 3
2079964413,10.8052423,106.6464879,6,Nga 6
2079964419,10.8015866,106.6450339,4,Nga 4
2079964421,10.8027632,106.6443479,6,Nga 6
2079964423,10.801369,106.6545554,6,Nga 6
2079964439,10.8059072,106.6456847,8,Nga 8
2079964448,10.8083142,106.6466863,6,Nga 6
2079964449,10.802864,106.6454331,8,Nga 8
2079964455,10.8049141,106.6437998,6,Nga 6
2079964463,10.8076527,106.6458369,6,Nga 6
2079964482,10.8074815,106.6474925,6,Nga 6
2079964497,10.807527,106.6494341,6,Nga 6
2079964505,10.8064916,106.6445501,6,Nga 6
2079964511,10.806375,106.6457279,6,Nga 6
2079964515,10.8053009,106.6456388,8,Nga 8
2079964536,10.8023857,106.6423344,4,Nga 4
2079964544,10.8058305,106.6465283,8,Nga 8
2079964557,10.7994453,106.647261,6,Nga 6
2079964566,10.8067967,106.6493839,6,Nga 6
2079964583,10.807134,106.6494103,6,Nga 6
2079964589,10.806817,106.6457687,6,Nga 6
2079964605,10.8065965,106.6479018,6,Nga 6
2079964636,10.8031819,106.645819,6,Nga 6
2079964643,10.8046874,106.6464498,6,Nga 6
2079964647,10.8094601,106.6448384,8,Nga 8
2079964667,10.8049863,106.6426789,6,Nga 6
2079964673,10.8025841,106.6399199,4,Nga 4
2079964709,10.807722,106.6451424,6,Nga 6
2079964714,10.8032135,106.6454591,8,Nga 8
2079964736,10.8068851,106.6450819,6,Nga 6
2079964744,10.7994043,106.6411471,4,Nga 4
2079964745,10.8076882,106.6454957,6,Nga 6
2079964787,10.8015387,106.6525833,4,Nga 4
2079964793,10.7979344,106.6471199,6,Nga 6
2079964822,10.8060381,106.6442151,6,Nga 6
2079964845,10.8035296,106.6458405,6,Nga 6
2079964848,10.8076148,106.6461801,6,Nga 6
2079964853,10.8025149,106.6407373,4,Nga 4
2079964874,10.8232486,106.6295638,3,Nga 3
2079964876,10.8016867,106.6508557,4,Nga 4
2079964886,10.8022795,106.6436473,4,Nga 4
2079964894,10.8024444,106.641609,6,Nga 6
2079964927,10.8072085,106.6484695,6,Nga 6
2079964928,10.8077311,106.6450423,6,Nga 6
2079964930,10.8061106,106.6434253,6,Nga 6
2079964945,10.8022271,106.6442946,4,Nga 4
2079964957,10.8008272,106.6608707,3,Nga 3
2079964991,10.8008406,106.6606981,4,Nga 4
2081354551,10.8048933,106.6416245,6,Nga 6
2081354638,10.8047516,106.6396152,6,Nga 6
2081354651,10.8049532,106.6419733,6,Nga 6
2081354689,10.8053904,106.6368435,4,Nga 4
2081354760,10.8053293,106.6409549,6,Nga 6
2081354772,10.8046287,106.6396345,6,Nga 6
2081354774,10.8049213,106.6413927,6,Nga 6
2081354790,10.8044625,106.6417308,6,Nga 6
2081354827,10.8046443,106.6417512,6,Nga 6
2081354980,10.8046063,106.6387079,6,Nga 6
2081354987,10.8074305,106.6389984,4,Nga 4
2081355109,10.8059442,106.6394383,6,Nga 6
2081355110,10.8007485,106.6386407,4,Nga 4
2081355123,10.8049623,106.6410064,6,Nga 6
2081355334,10.8045518,106.6409613,6,Nga 6
2081753710,10.7986224,106.6576869,6,Nga 6
2081753722,10.7988697,106.6581032,6,Nga 6
2081880899,10.7975239,106.6620347,6,Nga 6
2081880905,10.7932489,106.6589739,4,Nga 4
2081880946,10.7976556,106.6623934,6,Nga 6
2081880982,10.7964989,106.6596947,4,Nga 4
2081880983,10.7949334,106.6573514,6,Nga 6
2081881127,10.7959372,106.6587708,8,Nga 8
2081881159,10.7960869,106.659591,4,Nga 4
2081881205,10.7971775,106.6592454,8,Nga 8
2081881207,10.7965818,106.6599464,4,Nga 4
2081881295,10.7946184,106.6633127,6,Nga 6
2081881347,10.7967601,106.658613,8,Nga 8
2081881352,10.7935223,106.6593716,3,Nga 3
2081881425,10.7963868,106.6595231,4,Nga 4
2081881449,10.7975098,106.6598023,6,Nga 6
2081881519,10.7946979,106.6574313,6,Nga 6
2081907928,10.8021049,106.6654374,3,Nga 3
2081907930,10.7999838,106.667941,4,Nga 4
2081907948,10.8002643,106.6668124,3,Nga 3
2082378083,10.8068534,106.6353205,4,Nga 4
2082380606,10.7949948,106.6553732,3,Nga 3
2082380630,10.7946471,106.6550162,4,Nga 4
2082380642,10.7955287,106.6556162,3,Nga 3
2084677836,10.7960975,106.6393944,4,Nga 4
2084677871,10.796362,106.6397005,6,Nga 6
2084677893,10.7977136,106.6398708,6,Nga 6
2084677907,10.797238,106.6399148,6,Nga 6
2084677921,10.8011714,106.6378545,4,Nga 4
2084677937,10.7976693,106.6395694,6,Nga 6
2084678017,10.7976208,106.6392393,4,Nga 4
2084678065,10.7968175,106.6412303,6,Nga 6
2084678175,10.7948232,106.6427843,6,Nga 6
2091954750,10.8215524,106.6305476,4,Nga 4
2091954761,10.8233196,106.6296284,4,Nga 4
2091954789,10.8231795,106.6297597,4,Nga 4
2091954798,10.8137406,106.6328984,6,Nga 6
2091954812,10.814075,106.6326949,3,Nga 3
2091954818,10.8205927,106.6308154,3,Nga 3
2091954823,10.8231057,106.6296937,3,Nga 3
2091954872,10.8140372,106.6327928,4,Nga 4
2091954882,10.8137018,106.6327923,4,Nga 4
2091954888,10.8234859,106.6297652,5,Nga 5
2091954911,10.82347,106.629476,4,Nga 4
2091954930,10.8241397,106.6287604,3,Nga 3
2091954937,10.8240563,106.6286802,3,Nga 3
2115199004,10.7944966,106.6680258,4,Nga 4
2146838335,10.7941434,106.6677537,6,Nga 6
2146838339,10.8019803,106.6474861,6,Nga 6
2214339206,10.8057317,106.6667407,6,Nga 6
2214355194,10.807788,106.6685336,6,Nga 6
2233725522,10.7843206,106.6541855,6,Nga 6
2233730987,10.785619,106.6538148,6,Nga 6
2233730990,10.7858061,106.6544823,8,Nga 8
2233731931,10.7873303,106.6533221,4,Nga 4
2233738917,10.7900764,106.652459,3,Nga 3
2233747323,10.7924023,106.6530406,3,Nga 3
2233747331,10.7925598,106.6531271,3,Nga 3
2233747342,10.7930924,106.6529851,4,Nga 4
2233748938,10.7933267,106.6536371,3,Nga 3
2233756575,10.7940428,106.6543956,3,Nga 3
2233772196,10.7931829,106.6536971,3,Nga 3
2233791271,10.7915915,106.6526603,4,Nga 4
2233808761,10.7784392,106.6558538,3,Nga 3
2247569946,10.8235301,106.6292522,3,Nga 3
2247569948,10.8198821,106.6310435,4,Nga 4
2251580179,10.8205646,106.6307318,3,Nga 3
2288699449,10.795938,106.656421,6,Nga 6
2288699452,10.7977866,106.6582552,4,Nga 4
2288699454,10.7959869,106.6563743,4,Nga 4
2288699455,10.7993894,106.6599018,4,Nga 4
2288699459,10.7989932,106.6594778,4,Nga 4
2288699460,10.7961093,106.6565026,4,Nga 4
2288699462,10.7971482,106.6575911,4,Nga 4
2289930265,10.7844617,106.6541438,4,Nga 4
2289930268,10.7854605,106.653249,6,Nga 6
2289930269,10.7849065,106.6534241,8,Nga 8
2289930271,10.7841505,106.6536317,8,Nga 8
2289930569,10.78819,106.6525073,8,Nga 8
2289952382,10.7983233,106.6674675,6,Nga 6
2299409156,10.7836615,106.6544537,6,Nga 6
2299409157,10.7893421,106.6528315,4,Nga 4
2299409160,10.7856393,106.6538871,6,Nga 6
2299409166,10.7883308,106.6530359,6,Nga 6
2299409167,10.7813144,106.6551248,4,Nga 4
2299409179,10.7781816,106.6560266,3,Nga 3
2299416635,10.784746,106.6528203,8,Nga 8
2299416638,10.7862141,106.6516168,6,Nga 6
2299419525,10.7843402,106.6542555,4,Nga 4
2299421650,10.7863952,106.6543124,6,Nga 6
2325185441,10.7835405,106.6486996,6,Nga 6
2325185443,10.7830039,106.6461581,6,Nga 6
2325185446,10.783583,106.6475376,8,Nga 8
2325185448,10.7827796,106.6447413,6,Nga 6
2325187743,10.7841236,106.6423112,6,Nga 6
2325187751,10.7847781,106.6446244,8,Nga 8
2325187771,10.7844664,106.6445458,6,Nga 6
2325193856,10.7840996,106.6453697,6,Nga 6
2325193866,10.7844795,106.6458633,6,Nga 6
2332690796,10.7909411,106.6627844,6,Nga 6
2332690800,10.7899992,106.6631357,6,Nga 6
2332690802,10.7912703,106.6618919,6,Nga 6
2332690810,10.7910734,106.6643242,4,Nga 4
2332690812,10.790614,106.6634121,6,Nga 6
2332690818,10.7902469,106.6625287,6,Nga 6
2332690822,10.7900078,106.6637949,6,Nga 6
2332690842,10.7905235,106.6626585,6,Nga 6
2332690848,10.7913725,106.6619325,6,Nga 6
2332691241,10.7924606,106.6664644,6,Nga 6
2332691242,10.791951,106.6660646,4,Nga 4
2332691244,10.7922221,106.6662734,6,Nga 6
2366618902,10.8164563,106.6725617,6,Nga 6
2366620893,10.8155836,106.6713822,6,Nga 6
2366620895,10.8159644,106.6712225,6,Nga 6
2366620897,10.8166124,106.6718173,8,Nga 8
2366620900,10.8163395,106.6710847,6,Nga 6
2366620902,10.816696,106.670923,6,Nga 6
2366620904,10.8168317,106.6724064,6,Nga 6
2366630520,10.8155071,106.6747741,4,Nga 4
2366630957,10.8150918,106.6717634,6,Nga 6
2366637697,10.8047943,106.6654821,4,Nga 4
2366641599,10.8118854,106.6683465,6,Nga 6
2368169760,10.813724,106.671935,6,Nga 6
2407526807,10.8016409,106.6499358,3,Nga 3
2409408729,10.7999467,106.6402676,5,Nga 5
2409408730,10.8013388,106.6376786,6,Nga 6
2409408733,10.8008006,106.6386612,4,Nga 4
2409408734,10.7994591,106.6411762,6,Nga 6
2409408737,10.7946429,106.6501581,6,Nga 6
2409408742,10.7963674,106.6469636,6,Nga 6
2409408743,10.7979328,106.6440489,6,Nga 6
2433201339,10.8019459,106.6479093,3,Nga 3
2433201343,10.8017868,106.6478969,3,Nga 3
2453734022,10.8007281,106.662283,3,Nga 3
2491887081,10.8017911,106.6433857,6,Nga 6
2495738891,10.779603,106.6486116,6,Nga 6
2495738895,10.7840122,106.6530209,6,Nga 6
2495738897,10.7842202,106.6461568,6,Nga 6
2495741647,10.7866792,106.6469055,6,Nga 6
2495741650,10.7867284,106.6452736,6,Nga 6
2495741653,10.785415,106.6466189,6,Nga 6
2495741654,10.787005,106.6462787,6,Nga 6
2495741655,10.7863362,106.6464719,6,Nga 6
2495741660,10.7863764,106.6453607,6,Nga 6
2495741661,10.7848092,106.6447587,6,Nga 6
2495741664,10.7869839,106.6463189,6,Nga 6
2495741665,10.7870586,106.6451919,6,Nga 6
2495741672,10.7857307,106.6464864,6,Nga 6
2495745488,10.7936459,106.6501122,6,Nga 6
2495745492,10.7915273,106.6497973,6,Nga 6
2495745494,10.7944886,106.6503202,4,Nga 4
2495745500,10.7937367,106.6499249,6,Nga 6
2495745502,10.7921267,106.6496964,6,Nga 6
2495745974,10.7930536,106.6410822,4,Nga 4
2495745975,10.7926159,106.6419041,6,Nga 6
2495745976,10.7929693,106.6410465,4,Nga 4
2495745977,10.7922707,106.6429793,4,Nga 4
2495745978,10.7905595,106.6463927,6,Nga 6
2495745981,10.7921876,106.6429436,4,Nga 4
2495747992,10.7920267,106.6416691,6,Nga 6
2495802595,10.7751005,106.6481991,3,Nga 3
2495802597,10.7747842,106.6480738,3,Nga 3
2513642423,10.8010827,106.6564177,4,Nga 4
2513642427,10.8008501,106.6575658,4,Nga 4
2513642431,10.8003546,106.6563487,8,Nga 8
2513642434,10.799683,106.655901,6,Nga 6
2513642435,10.8003863,106.6559676,6,Nga 6
2513642438,10.7997093,106.6562999,6,Nga 6
2524664180,10.7938239,106.6675075,4,Nga 4
2533900283,10.804173,106.6376745,6,Nga 6
2592269705,10.8071419,106.6350298,3,Nga 3
2665982246,10.7748585,106.6480174,3,Nga 3
2665982249,10.8025094,106.6451056,6,Nga 6
2665982250,10.8028918,106.6451426,8,Nga 8
2683778132,10.8161478,106.6653187,3,Nga 3
2683778150,10.815083,106.6630647,4,Nga 4
2686025237,10.8129546,106.6718574,3,Nga 3
2686025238,10.8134106,106.6719016,6,Nga 6
2712170813,10.8172624,106.6374748,6,Nga 6
2712170814,10.8172396,106.6373555,4,Nga 4
2822144429,10.7930048,106.6668765,6,Nga 6
2822144430,10.7927497,106.6666799,6,Nga 6
2822151658,10.79058,106.6566497,6,Nga 6
2822151677,10.7907209,106.6555939,6,Nga 6
2822156620,10.795604,106.6664866,6,Nga 6
2822161252,10.7951925,106.6663183,8,Nga 8
2822161255,10.7957408,106.665298,6,Nga 6
2822161256,10.7953925,106.6650353,6,Nga 6
2822162857,10.7923372,106.6575753,6,Nga 6
2822162862,10.7913335,106.6571349,6,Nga 6
2822167932,10.7919021,106.6562905,6,Nga 6
2822167933,10.7914626,106.6560481,6,Nga 6
2822168136,10.7930234,106.6560329,6,Nga 6
2822168155,10.7932022,106.655643,6,Nga 6
2822168156,10.7936082,106.6557858,6,Nga 6
2822178462,10.7904339,106.6554887,6,Nga 6
2822178463,10.7900978,106.6564236,6,Nga 6
2871643855,10.8275872,106.6409981,6,Nga 6
2930530335,10.7842694,106.6615262,6,Nga 6
2930599202,10.7937912,106.6403152,6,Nga 6
2930599203,10.7922521,106.6441513,8,Nga 8
2930599204,10.7930916,106.6421112,8,Nga 8
2934668189,10.7982703,106.6680053,4,Nga 4
2942886438,10.8251042,106.6305827,6,Nga 6
3011828034,10.7867657,106.653566,6,Nga 6
3011828036,10.7867416,106.6534901,6,Nga 6
3011829412,10.7954913,106.6568328,6,Nga 6
3633843518,10.7970729,106.6678953,6,Nga 6
3633843519,10.7971278,106.6674729,6,Nga 6
3638313072,10.8283994,106.6413093,6,Nga 6
3638313074,10.8279103,106.6411236,6,Nga 6
3638313076,10.8279593,106.6423846,4,Nga 4
3638313078,10.8277268,106.6422829,4,Nga 4
3638313088,10.8274917,106.6421863,4,Nga 4
3640176497,10.8249412,106.6413187,4,Nga 4
3655114322,10.8204753,106.6308505,3,Nga 3
3655114415,10.8205718,106.6313573,6,Nga 6
3655114420,10.8203702,106.630883,4,Nga 4
3655114526,10.8204466,106.6307719,3,Nga 3
3671440860,10.7889411,106.6645783,6,Nga 6
3671440864,10.7884399,106.6649418,6,Nga 6
3674448723,10.8314643,106.644065,3,Nga 3
3727813436,10.7835608,106.6537829,6,Nga 6
3735815065,10.7785531,106.6511109,6,Nga 6
3735830662,10.7803976,106.6548078,6,Nga 6
3771398753,10.7971566,106.6577,4,Nga 4
3771398766,10.7940809,106.6591001,4,Nga 4
3771398776,10.7951025,106.6564426,6,Nga 6
3771398777,10.7944234,106.6571598,6,Nga 6
3771416308,10.7938731,106.6559211,8,Nga 8
3771416315,10.7927188,106.6553881,6,Nga 6
3771416340,10.7924078,106.6524494,4,Nga 4
3771416343,10.7927927,106.6523748,6,Nga 6
3771420267,10.7936716,106.6486738,6,Nga 6
3771420269,10.7940806,106.649153,6,Nga 6
3771420271,10.7938887,106.6495883,6,Nga 6
3771420284,10.7900507,106.6461363,8,Nga 8
3771420294,10.7875572,106.6451635,5,Nga 5
3771420314,10.7860589,106.6443035,6,Nga 6
3771420319,10.7827395,106.6453968,6,Nga 6
3771420321,10.7836394,106.6424688,6,Nga 6
3771420325,10.7839305,106.6439002,8,Nga 8
3771420327,10.7831155,106.6441534,6,Nga 6
3771420329,10.7846414,106.644141,6,Nga 6
3771420354,10.7820545,106.6442328,6,Nga 6
3771444887,10.7905352,106.6434293,6,Nga 6
3771485032,10.7939848,106.6448391,6,Nga 6
3771486663,10.7938306,106.6452348,6,Nga 6
3771486673,10.7943008,106.6480477,6,Nga 6
3771486738,10.7975747,106.643591,6,Nga 6
3771486756,10.7953674,106.6414007,6,Nga 6
3789055814,10.7792945,106.6542754,6,Nga 6
3789057868,10.7788276,106.6546913,6,Nga 6
3789093321,10.7805444,106.6553429,4,Nga 4
3806430028,10.8203354,106.639279,4,Nga 4
3806810185,10.7849544,106.6453858,6,Nga 6
3806810224,10.7856134,106.645223,6,Nga 6
3806810229,10.7856971,106.6455289,6,Nga 6
3806810437,10.7926478,106.6537628,3,Nga 3
3806810442,10.7929415,106.6533454,4,Nga 4
3806810443,10.7928358,106.6534173,4,Nga 4
3806810573,10.7948105,106.6548568,3,Nga 3
3806810576,10.7951559,106.655222,3,Nga 3
3806810588,10.7957762,106.6553726,4,Nga 4
4001737133,10.8141294,106.6685491,5,Nga 5
4008844510,10.8139425,106.6656992,3,Nga 3
4019454176,10.7853399,106.6582711,6,Nga 6
4023206285,10.7869972,106.6440684,8,Nga 8
4025475943,10.8285301,106.6389677,6,Nga 6
4102230933,10.8018555,106.6367636,4,Nga 4
4102230938,10.7850953,106.6419799,6,Nga 6
4109599342,10.7935794,106.6489343,6,Nga 6
4109605262,10.7813908,106.6433395,4,Nga 4
4191373364,10.7870134,106.6634596,6,Nga 6
4191373365,10.7873596,106.6628105,6,Nga 6
4191373366,10.7876927,106.6621842,6,Nga 6
4191373367,10.7877696,106.6630309,6,Nga 6
4213562818,10.7881127,106.643067,6,Nga 6
4213562848,10.7900701,106.6411556,6,Nga 6
4440166372,10.814738,106.6721382,6,Nga 6
4440166374,10.8151302,106.6730856,4,Nga 4
4440166376,10.8147991,106.6732285,6,Nga 6
4440166377,10.8144454,106.6724482,4,Nga 4
4461998123,10.7883473,106.6531147,4,Nga 4
4541470630,10.8021441,106.665778,4,Nga 4
4548017758,10.7744652,106.6523944,6,Nga 6
4576427867,10.807828,106.6637988,6,Nga 6
4608562277,10.7826545,106.6589049,6,Nga 6
4617816421,10.8178387,106.6742478,4,Nga 4
4617816425,10.7871348,106.6641927,3,Nga 3
4618443190,10.787592,106.6595833,6,Nga 6
4618443198,10.7833332,106.661329,4,Nga 4
4618443234,10.793626,106.6520024,3,Nga 3
4618479910,10.7918115,106.6439671,8,Nga 8
4619358327,10.8043942,106.6663763,6,Nga 6
4619358328,10.8038232,106.6662245,6,Nga 6
4619358329,10.8036425,106.6661764,6,Nga 6
4628048107,10.7785228,106.6553746,6,Nga 6
4636764460,10.7897761,106.6526136,3,Nga 3
4636764469,10.7901741,106.6525675,3,Nga 3
4636764474,10.7902986,106.6523726,3,Nga 3
4638968134,10.7868523,106.6515723,6,Nga 6
4639027499,10.7862517,106.6516988,6,Nga 6
4639027501,10.7864186,106.6523096,6,Nga 6
4639080773,10.7863222,106.6565328,6,Nga 6
4639080775,10.7883347,106.657746,6,Nga 6
4671886032,10.8122531,106.665065,3,Nga 3
4706741309,10.7909992,106.6658989,3,Nga 3
4851135895,10.8164563,106.6703495,8,Nga 8
4851135896,10.8155559,106.6712971,8,Nga 8
4865956085,10.7877463,106.6641314,6,Nga 6
4865956086,10.7875591,106.6643548,6,Nga 6
4869706929,10.7878956,106.6643112,6,Nga 6
4869706933,10.7891204,106.664027,6,Nga 6
4875814758,10.7890404,106.6606356,6,Nga 6
4875814765,10.7926036,106.6539089,4,Nga 4
4875814769,10.7867774,106.6639022,6,Nga 6
4877908028,10.7902543,106.6632342,8,Nga 8
4877968913,10.7896893,106.6643969,6,Nga 6
4879876928,10.7886176,106.6647982,4,Nga 4
4882810029,10.7908008,106.6641842,6,Nga 6
4883457769,10.7884656,106.6644294,6,Nga 6
4883457773,10.7882398,106.6647175,8,Nga 8
4883457776,10.790599,106.6656752,4,Nga 4
4889569757,10.7915497,106.6617057,3,Nga 3
4889622981,10.7884844,106.6630146,8,Nga 8
4889622982,10.7879441,106.662713,6,Nga 6
4891670592,10.7892931,106.6645106,6,Nga 6
4896345045,10.8162243,106.6754314,4,Nga 4
4896345046,10.8158408,106.6754797,6,Nga 6
4896345047,10.8158072,106.6757463,4,Nga 4
4896345051,10.8167011,106.6750435,6,Nga 6
4896345052,10.8166625,106.6746775,6,Nga 6
4896345056,10.8154808,106.6751167,4,Nga 4
4896345057,10.8174989,106.6742919,6,Nga 6
4896345058,10.8172604,106.6743308,6,Nga 6
4896345063,10.816589,106.6746841,6,Nga 6
4896345065,10.8160923,106.6747573,6,Nga 6
4896345066,10.8161144,106.675095,6,Nga 6
4897166437,10.7878474,106.6638606,6,Nga 6
4897166440,10.7880457,106.6644935,6,Nga 6
4898834796,10.7888358,106.6610116,6,Nga 6
4898834813,10.7897449,106.6642866,6,Nga 6
4903262964,10.7880548,106.6637885,6,Nga 6
4903632198,10.7893267,106.6628529,6,Nga 6
4903632199,10.7892069,106.6631825,6,Nga 6
4903632200,10.7900506,106.6622952,6,Nga 6
4903632204,10.7900155,106.6623682,6,Nga 6
4903632208,10.7887079,106.6612607,6,Nga 6
4903632212,10.7895912,106.6615291,6,Nga 6
4903632217,10.7885705,106.6615303,6,Nga 6
4903632218,10.7889643,106.6617616,6,Nga 6
4903632321,10.7891345,106.6617424,6,Nga 6
4903664468,10.7907117,106.6627526,6,Nga 6
4903664469,10.7904592,106.6633189,6,Nga 6
4903664478,10.7896484,106.6629942,6,Nga 6
4903697615,10.7828728,106.6608999,4,Nga 4
4903697844,10.7849384,106.662123,6,Nga 6
4916485984,10.7881562,106.6635973,6,Nga 6
4916485985,10.7883052,106.6633335,6,Nga 6
4928385258,10.7907007,106.658442,6,Nga 6
4928385261,10.7913304,106.6587505,8,Nga 8
4928385265,10.790453,106.6589195,6,Nga 6
4928385277,10.7911592,106.6595954,6,Nga 6
4928385279,10.7917941,106.6592896,6,Nga 6
4928394475,10.7895614,106.6596506,6,Nga 6
4928394476,10.7902594,106.659987,6,Nga 6
4928394477,10.7902857,106.659936,6,Nga 6
4928394481,10.7909813,106.660156,6,Nga 6
4928394484,10.7915044,106.6590043,6,Nga 6
4928394485,10.7914511,106.6591037,6,Nga 6
4928394488,10.79004,106.6605833,6,Nga 6
4928394489,10.7892589,106.6602247,6,Nga 6
4932465670,10.8303202,106.6489946,4,Nga 4
4932465671,10.8304066,106.6489357,4,Nga 4
4932465672,10.8299711,106.6480006,4,Nga 4
4932465673,10.8301239,106.6474047,4,Nga 4
4932465674,10.8302173,106.6474466,4,Nga 4
4932465675,10.8305082,106.646503,4,Nga 4
4932465676,10.8305905,106.6465452,4,Nga 4
4932465677,10.8306906,106.6460486,4,Nga 4
4932465678,10.8307759,106.6460771,4,Nga 4
4932465679,10.8309249,106.6454674,4,Nga 4
4932465680,10.831003,106.645494,4,Nga 4
4932465910,10.8309591,106.650016,3,Nga 3
4932465911,10.8307891,106.6500531,3,Nga 3
4932465921,10.8309174,106.6516968,4,Nga 4
4932465934,10.8233234,106.6406596,3,Nga 3
4932465938,10.8234155,106.6404637,3,Nga 3
4932465939,10.8231949,106.6403839,3,Nga 3
4932465943,10.8231255,106.6405766,3,Nga 3
4932465945,10.8307067,106.6498231,3,Nga 3
4932465964,10.8313212,106.6444716,4,Nga 4
4932465965,10.8308237,106.6497411,3,Nga 3
4932465976,10.8300715,106.6480067,4,Nga 4
4932465981,10.8315731,106.6441041,3,Nga 3
4936385088,10.8139592,106.6658474,4,Nga 4
4936385095,10.8161276,106.6683647,6,Nga 6
4948841957,10.8128552,106.6649822,3,Nga 3
4957752154,10.8251104,106.6413888,3,Nga 3
4957752158,10.8252033,106.6412146,3,Nga 3
4957752159,10.8248655,106.6410741,3,Nga 3
4957752163,10.8248067,106.6412646,3,Nga 3
4957752164,10.8264885,106.6419463,3,Nga 3
4957752168,10.8265959,106.6418063,3,Nga 3
4957752169,10.8268228,106.6419081,3,Nga 3
4957752172,10.8267434,106.642055,3,Nga 3
4957752173,10.8278018,106.6425038,3,Nga 3
4957752176,10.8278615,106.6423464,3,Nga 3
4957752177,10.8280815,106.6424364,3,Nga 3
4957752180,10.8280171,106.6425929,3,Nga 3
4961428518,10.7918549,106.6620969,4,Nga 4
5088986618,10.817868,106.6316732,4,Nga 4
5092125016,10.7770768,106.6485925,6,Nga 6
5092125018,10.777305,106.6478625,6,Nga 6
5092125031,10.7778925,106.6506091,6,Nga 6
5092125032,10.7782307,106.6506161,8,Nga 8
5092125033,10.7785535,106.6506251,6,Nga 6
5092125036,10.7784087,106.6526816,6,Nga 6
5092125129,10.7852951,106.6526591,6,Nga 6
5092125167,10.7877149,106.6597478,6,Nga 6
5092125175,10.7852598,106.6600226,6,Nga 6
5092219861,10.7852026,106.6467293,6,Nga 6
5093747252,10.7809896,106.6442363,6,Nga 6
5093747254,10.7822371,106.6437163,6,Nga 6
5093747259,10.7818469,106.6442132,6,Nga 6
5093747597,10.7843954,106.6484404,6,Nga 6
5097414331,10.7902579,106.6614235,6,Nga 6
5097414332,10.7904507,106.6609932,6,Nga 6
5097414367,10.7933813,106.6557438,6,Nga 6
5097414398,10.7917311,106.6587818,8,Nga 8
5108956864,10.7969158,106.6578459,6,Nga 6
5108956874,10.7912085,106.6543731,6,Nga 6
5108956875,10.7912059,106.6553769,6,Nga 6
5108956878,10.791066,106.6543173,6,Nga 6
5108956879,10.7907039,106.6551868,6,Nga 6
5108956883,10.7917634,106.6554563,6,Nga 6
5108956906,10.7882288,106.6621944,6,Nga 6
5108957144,10.7848149,106.6598041,6,Nga 6
5108957173,10.7888389,106.663905,6,Nga 6
5112594926,10.8273716,106.6418385,6,Nga 6
5112594928,10.8271024,106.6408364,6,Nga 6
5112594929,10.8268465,106.64159,6,Nga 6
5112594930,10.8276871,106.6410435,6,Nga 6
5112594931,10.8272551,106.6420789,4,Nga 4
5112594932,10.8277099,106.6416257,6,Nga 6
5112594933,10.8274623,106.640953,6,Nga 6
5112594934,10.8271859,106.6417506,6,Nga 6
5112594935,10.8286692,106.6414124,4,Nga 4
5112594936,10.8282211,106.6424857,3,Nga 3
5112594942,10.8284499,106.6419327,6,Nga 6
5112594943,10.8281922,106.6418208,8,Nga 8
5112594944,10.8279544,106.6417258,8,Nga 8
5112594985,10.8171529,106.6369706,5,Nga 5
5293846851,10.7903055,106.6582503,6,Nga 6
5293846878,10.7883389,106.6590114,6,Nga 6
5293846882,10.7893658,106.6593656,6,Nga 6
5293846883,10.7896123,106.659554,6,Nga 6
5295492447,10.7851579,106.660032,6,Nga 6
5296220734,10.7880497,106.6564225,6,Nga 6
5296220750,10.7866164,106.6567919,6,Nga 6
5298119693,10.7850711,106.6585372,6,Nga 6
5349532653,10.7935654,106.6627318,6,Nga 6
5352865274,10.814737,106.6626972,3,Nga 3
5356329017,10.8072362,106.6351403,3,Nga 3
5356329019,10.8061489,106.6362658,3,Nga 3
5358463327,10.7799149,106.6443303,4,Nga 4
5435389889,10.8136282,106.6652565,3,Nga 3
5435412019,10.8101615,106.6648727,3,Nga 3
5462156836,10.8045521,106.6646465,3,Nga 3
5462219221,10.8017255,106.6496206,4,Nga 4
5462219222,10.8020706,106.6454557,4,Nga 4
5462219224,10.8021636,106.6450801,3,Nga 3
5462237878,10.8139945,106.6332511,5,Nga 5
5467216150,10.7986247,106.6623158,4,Nga 4
5467216157,10.7986313,106.6624249,4,Nga 4
5467431341,10.7925362,106.6532608,3,Nga 3
5502531263,10.78411,106.6463044,6,Nga 6
5502531272,10.7838361,106.6449976,6,Nga 6
5502531273,10.7836883,106.6449427,6,Nga 6
5502531275,10.7834178,106.6452706,6,Nga 6
5663188334,10.8026752,106.6394816,4,Nga 4
5717004720,10.8314176,106.644515,4,Nga 4
5717004838,10.8309094,106.6510089,4,Nga 4
5717004839,10.8310112,106.6510089,4,Nga 4
5717194975,10.8300714,106.637936,6,Nga 6
5717194977,10.8298037,106.6385882,6,Nga 6
5719078980,10.8271183,106.6315024,6,Nga 6
5719078981,10.8217863,106.6399461,3,Nga 3
5719078982,10.8218176,106.6398561,3,Nga 3
5719079020,10.8216382,106.6307162,8,Nga 8
5719079033,10.829588,106.6326503,6,Nga 6
5719110620,10.8310869,106.657676,6,Nga 6
5719111825,10.8308797,106.6571349,6,Nga 6
5719111826,10.8309068,106.6569623,6,Nga 6
5719227264,10.815302,106.6756819,4,Nga 4
5719638619,10.8086763,106.6546057,3,Nga 3
5719731378,10.8150569,106.6743842,6,Nga 6
5721685975,10.8012894,106.6659545,3,Nga 3
5721685976,10.8077552,106.6645365,4,Nga 4
5721686008,10.79972,106.6555179,6,Nga 6
5721686009,10.800306,106.656777,6,Nga 6
5721686013,10.8010476,106.6568219,4,Nga 4
5721686015,10.8002588,106.6608786,4,Nga 4
5721686016,10.8000091,106.6606224,6,Nga 6
5721686017,10.7999075,106.6605181,4,Nga 4
5721820507,10.7968253,106.6543835,4,Nga 4
5721820518,10.8017127,106.6450434,4,Nga 4
5725018903,10.8148211,106.6655131,4,Nga 4
5725018956,10.8115858,106.6648781,3,Nga 3
5725019005,10.8126348,106.6627923,4,Nga 4
5735306183,10.8112489,106.6669604,6,Nga 6
5735950803,10.8149928,106.6630527,3,Nga 3
5737817842,10.8147379,106.6732507,4,Nga 4
5738593650,10.8126754,106.6651836,4,Nga 4
5742545028,10.8269058,106.6372824,6,Nga 6
5742545045,10.8235843,106.6355514,6,Nga 6
5743315781,10.8239401,106.636322,6,Nga 6
5755535164,10.8071655,106.6684214,6,Nga 6
5755653972,10.805347,106.6449328,6,Nga 6
5755653983,10.8075225,106.6499306,6,Nga 6
5755653988,10.8076932,106.6485049,6,Nga 6
5755754591,10.8055617,106.6456577,6,Nga 6
5762747868,10.8003891,106.6654787,4,Nga 4
5762825874,10.8002536,106.6669243,4,Nga 4
5765073618,10.795708,106.6673852,6,Nga 6
5765073641,10.7948134,106.6661576,6,Nga 6
5765073652,10.7947031,106.667741,6,Nga 6
5765073754,10.7952184,106.6681009,6,Nga 6
5765288346,10.7954562,106.6556875,3,Nga 3
5765289877,10.7695425,106.6525231,4,Nga 4
5765289881,10.7722202,106.6528451,4,Nga 4
5765289884,10.7730043,106.6529393,6,Nga 6
5765289885,10.7736501,106.6530442,4,Nga 4
5765289886,10.7738429,106.6530687,6,Nga 6
5765289887,10.7743025,106.6531016,6,Nga 6
5765289906,10.775419,106.6531998,6,Nga 6
5765292360,10.7968915,106.6550009,6,Nga 6
5765292377,10.7967938,106.6572197,4,Nga 4
5765292378,10.7933806,106.6591697,3,Nga 3
5765334908,10.7972167,106.6508039,6,Nga 6
5765334909,10.7941177,106.6510104,4,Nga 4
5765346244,10.7956596,106.6454221,6,Nga 6
5765384641,10.7714489,106.6527526,4,Nga 4
5765384643,10.7709134,106.652687,4,Nga 4
5765404727,10.7756694,106.6486496,6,Nga 6
5765404728,10.7755041,106.6485397,6,Nga 6
5769329883,10.7888852,106.6428731,6,Nga 6
5769343546,10.7846644,106.6510038,6,Nga 6
5769343550,10.7857302,106.6495161,4,Nga 4
5769343953,10.7865186,106.6484814,4,Nga 4
5769343954,10.7866334,106.6483704,4,Nga 4
5769343963,10.7875109,106.6450799,6,Nga 6
5769406258,10.7896821,106.6521943,5,Nga 5
5769406260,10.7893075,106.6551115,6,Nga 6
5769406269,10.7854956,106.6510684,6,Nga 6
5769406270,10.7862098,106.6512137,6,Nga 6
5769406272,10.786858,106.6513632,6,Nga 6
5769406275,10.787537,106.6515476,6,Nga 6
5769406277,10.7893822,106.6520888,6,Nga 6
5769437308,10.7899249,106.6598258,6,Nga 6
5769437326,10.7906439,106.6596333,6,Nga 6
5769467966,10.7892398,106.6615979,6,Nga 6
5772157706,10.7801716,106.6441554,4,Nga 4
5772171259,10.777871,106.6482311,6,Nga 6
5772171261,10.7779259,106.6486151,6,Nga 6
5772171263,10.7781386,106.6486208,6,Nga 6
5772194284,10.7764307,106.6492268,6,Nga 6
5772194285,10.7765901,106.6493689,6,Nga 6
5772194289,10.7773899,106.6498441,6,Nga 6
5772194290,10.7777426,106.6498541,6,Nga 6
5772194292,10.7795024,106.649889,6,Nga 6
5772194293,10.7790827,106.6498614,6,Nga 6
5772301809,10.7793441,106.6519076,6,Nga 6
5772301812,10.7795291,106.6535003,6,Nga 6
5772301815,10.7805243,106.655272,6,Nga 6
5772301816,10.7803162,106.6544716,6,Nga 6
5772301817,10.778088,106.6555539,4,Nga 4
5772452207,10.7857811,106.6606243,6,Nga 6
5772478027,10.7865341,106.6585884,6,Nga 6
5772478033,10.7856945,106.6579209,8,Nga 8
5772478034,10.7851532,106.6574661,6,Nga 6
5772478036,10.7846261,106.6569667,6,Nga 6
5772478038,10.7846652,106.6548112,6,Nga 6
5772478039,10.7847918,106.6553533,6,Nga 6
5772478040,10.7852199,106.6568031,6,Nga 6
5772508126,10.7822722,106.6502024,8,Nga 8
5772508128,10.78213,106.6501392,6,Nga 6
5772558124,10.778284,106.6565323,3,Nga 3
5778117443,10.7835142,106.6490695,6,Nga 6
5778117447,10.7850614,106.6483388,6,Nga 6
5778117627,10.7839377,106.64857,6,Nga 6
5778117628,10.7832415,106.6486509,6,Nga 6
5778117669,10.7863099,106.6453772,6,Nga 6
5778117670,10.7862342,106.6450599,6,Nga 6
5778117673,10.785026,106.645695,8,Nga 8
5778136899,10.7834598,106.6438018,6,Nga 6
5778457501,10.7827872,106.6486864,6,Nga 6
5893932607,10.8308581,106.6365535,4,Nga 4
6013212710,10.7927349,106.6597149,4,Nga 4
6036632831,10.7753962,106.6488341,6,Nga 6
6049157972,10.7901126,106.6553581,6,Nga 6
6049157973,10.789628,106.6551041,6,Nga 6
6049157977,10.7898457,106.6548354,6,Nga 6
6049158688,10.7891556,106.6549166,6,Nga 6
6049158692,10.7901223,106.6544939,6,Nga 6
6049158693,10.7897059,106.6542646,6,Nga 6
6049158694,10.7902009,106.6543187,6,Nga 6
6049158696,10.7902896,106.6541155,6,Nga 6
6151468200,10.7919225,106.6618442,3,Nga 3
6180467010,10.7876751,106.6640699,6,Nga 6
6180488760,10.7879639,106.6643961,6,Nga 6
6252958835,10.7956846,106.6653803,6,Nga 6
6252958884,10.7956498,106.6675665,6,Nga 6
6252959056,10.7996395,106.6667088,6,Nga 6
6257994021,10.7965676,106.6546336,4,Nga 4
6257994023,10.7970351,106.6546219,6,Nga 6
6257994027,10.7971273,106.6547245,6,Nga 6
6257994039,10.7991329,106.6571047,6,Nga 6
6257994118,10.8050384,106.6623535,6,Nga 6
6258204794,10.7888422,106.6616898,6,Nga 6
6258204796,10.788789,106.6616586,6,Nga 6
6258204805,10.7883869,106.664536,6,Nga 6
6258204807,10.7897835,106.6642281,6,Nga 6
6258204845,10.7897406,106.6622592,6,Nga 6
6258204867,10.7907326,106.6606493,6,Nga 6
6258204869,10.7917202,106.6605183,6,Nga 6
6258204870,10.7915612,106.6604415,6,Nga 6
6258204887,10.7909065,106.6603054,6,Nga 6
6258204899,10.7910854,106.6598508,6,Nga 6
6258204900,10.7912439,106.6594514,6,Nga 6
6258204909,10.7913121,106.6593353,6,Nga 6
6258204917,10.7913788,106.6589284,6,Nga 6
6258204919,10.7912962,106.6588786,6,Nga 6
6258204921,10.7912858,106.6588435,6,Nga 6
6258204923,10.7911216,106.6589431,6,Nga 6
6258204927,10.7900331,106.6587554,6,Nga 6
6258204935,10.79067,106.6584271,6,Nga 6
6258204936,10.7907738,106.6582575,6,Nga 6
6258204939,10.7908759,106.6585062,6,Nga 6
6258204947,10.7916603,106.6589144,6,Nga 6
6260063295,10.7851392,106.6597691,6,Nga 6
6263969526,10.7883345,106.6590753,6,Nga 6
6269039018,10.7857599,106.6517429,6,Nga 6
6269039024,10.7853507,106.6510525,6,Nga 6
6269039027,10.7853654,106.6512724,6,Nga 6
6270855679,10.7790598,106.6544554,6,Nga 6
6270855684,10.7789512,106.6539541,6,Nga 6
6270856140,10.7775606,106.6526512,6,Nga 6
6270856142,10.7773769,106.6528438,6,Nga 6
6270856146,10.7779429,106.6538303,6,Nga 6
6270856149,10.7783417,106.6533904,6,Nga 6
6270856150,10.7782231,106.6535234,6,Nga 6
6270856173,10.7768321,106.6535857,6,Nga 6
6270856210,10.7758807,106.6488098,6,Nga 6
6270856212,10.7757153,106.6491848,6,Nga 6
6270856353,10.7701861,106.6526116,6,Nga 6
6270856356,10.7696587,106.6525452,6,Nga 6
6327030639,10.8136602,106.6652849,3,Nga 3
6327030646,10.8138626,106.6649606,3,Nga 3
6327281131,10.7811153,106.6446114,6,Nga 6
6327281136,10.7813157,106.6445107,6,Nga 6
6327281138,10.7817499,106.6442041,6,Nga 6
6327281142,10.7824089,106.6441845,6,Nga 6
6327479315,10.7829977,106.6448196,6,Nga 6
6327479320,10.7830452,106.6449101,6,Nga 6
6327479324,10.7832507,106.6437768,6,Nga 6
6327479334,10.7837555,106.6444333,6,Nga 6
6327479335,10.7835517,106.6438225,6,Nga 6
6327479337,10.7833817,106.6442362,6,Nga 6
6327563149,10.7824585,106.6499483,6,Nga 6
6327563172,10.7827484,106.6485682,6,Nga 6
6327563173,10.7825512,106.6485806,6,Nga 6
6327564767,10.783043,106.6492869,6,Nga 6
6327564775,10.7827501,106.6480267,6,Nga 6
6327564808,10.7827922,106.6457588,6,Nga 6
6327564810,10.782766,106.6455788,6,Nga 6
6327564812,10.7829673,106.6455622,6,Nga 6
6327564817,10.7829673,106.6453961,6,Nga 6
6327564818,10.7833835,106.6457331,6,Nga 6
6327564821,10.7836068,106.6450468,6,Nga 6
6327564825,10.78487,106.6465366,6,Nga 6
6327564847,10.7836217,106.647153,6,Nga 6
6327564854,10.7840729,106.646352,6,Nga 6
6327564859,10.784749,106.6465933,6,Nga 6
6327564865,10.7835636,106.6477689,6,Nga 6
6327564867,10.7842647,106.6480414,6,Nga 6
6327564869,10.7839072,106.6485818,6,Nga 6
6517577914,10.8167631,106.675293,4,Nga 4
6544332035,10.8149036,106.672525,4,Nga 4
6544332038,10.8153375,106.672311,6,Nga 6
6631011108,10.8139098,106.6331536,5,Nga 5
6631011113,10.8131861,106.6330771,3,Nga 3
6631011129,10.8216259,106.6398767,3,Nga 3
6631011130,10.8216604,106.639787,3,Nga 3
6631169220,10.7750421,106.6482618,3,Nga 3
6631169227,10.7750766,106.6478457,3,Nga 3
6631169233,10.801282,106.637651,4,Nga 4
6631169234,10.8012256,106.6378845,4,Nga 4
6631169236,10.801765,106.6499412,3,Nga 3
6631169238,10.801749,106.6501285,4,Nga 4
6631169239,10.8020481,106.6450687,4,Nga 4
6631418433,10.7851849,106.6422686,6,Nga 6
6631418434,10.7850151,106.6423229,6,Nga 6
6640164259,10.7937614,106.6517523,4,Nga 4
6640164285,10.7869271,106.653519,3,Nga 3
6640164288,10.7868036,106.6536852,6,Nga 6
6640164291,10.7866216,106.6536071,3,Nga 3
6712444492,10.7694154,106.6525035,3,Nga 3
6906298872,10.8143117,106.6629294,3,Nga 3
7016486226,10.8083075,106.6666675,6,Nga 6
7401633983,10.7998751,106.662013,6,Nga 6
7822889598,10.8075587,106.6484944,6,Nga 6
7822919232,10.8005087,106.6633341,4,Nga 4
7822919260,10.8002157,106.661861,6,Nga 6
7940859498,10.8106413,106.6678215,6,Nga 6
7940859500,10.810689,106.6679456,6,Nga 6
7940859502,10.8104931,106.6674358,6,Nga 6
7940859504,10.8104353,106.6672856,6,Nga 6
8344770343,10.8067641,106.6463013,6,Nga 6
8366616703,10.7901172,106.6599185,6,Nga 6
8366749478,10.783366,106.6448316,6,Nga 6
8370561197,10.8247319,106.635006,6,Nga 6
8816264558,10.8072892,106.6699112,6,Nga 6
8816264561,10.8073283,106.6695033,6,Nga 6
8816676442,10.8134047,106.6664879,4,Nga 4
8817803045,10.8278898,106.6341192,6,Nga 6
8995743760,10.8005391,106.6638266,4,Nga 4
8995743761,10.8008863,106.6586813,3,Nga 3
9599058300,10.7926399,106.6533142,4,Nga 4
9599058301,10.7927004,106.6532078,3,Nga 3
9620524357,10.7953539,106.6579409,6,Nga 6
10165794948,10.7832824,106.643334,6,Nga 6
10165794951,10.7834734,106.643432,6,Nga 6
10593824471,10.7752769,106.6483864,4,Nga 4
10792191361,10.8008153,106.6616907,3,Nga 3
10960824994,10.7928846,106.6534492,4,Nga 4
10960824995,10.7926968,106.6537942,3,Nga 3
11057882807,10.8113205,106.6672919,6,Nga 6
11059131831,10.8015585,106.6654251,3,Nga 3
11088322407,10.7952504,106.6565922,6,Nga 6
11221952800,10.7881094,106.6624119,6,Nga 6
11323053473,10.8009836,106.6575601,6,Nga 6
11323053474,10.801113,106.6575558,4,Nga 4
11360463211,10.794906,106.658954,8,Nga 8
11360463236,10.7933443,106.6596201,3,Nga 3
11360463239,10.7933533,106.6591498,3,Nga 3
11360463241,10.7932173,106.6591181,3,Nga 3
11361603941,10.7914777,106.6619719,4,Nga 4
11361818072,10.7978185,106.6583852,4,Nga 4
11361818077,10.7983908,106.6582226,4,Nga 4
11361818078,10.7978864,106.6583521,4,Nga 4
11361818080,10.7978681,106.6584341,4,Nga 4
11361818084,10.7993868,106.6579611,8,Nga 8
11361818103,10.7993071,106.6579816,4,Nga 4
11361818110,10.7979468,106.6586576,4,Nga 4
11361818111,10.7976475,106.6588828,4,Nga 4
11361818114,10.7979359,106.6584002,4,Nga 4
11361818115,10.7981055,106.658565,4,Nga 4
11361818116,10.7980401,106.6586037,6,Nga 6
11363982568,10.7969986,106.6646123,8,Nga 8
11363987276,10.7938363,106.6628342,6,Nga 6
11364104879,10.7910211,106.6657482,3,Nga 3
11365651736,10.800684,106.6609869,3,Nga 3
11365651737,10.8008603,106.6605025,3,Nga 3
11365759160,10.7985319,106.6650518,8,Nga 8
11378916217,10.7957358,106.6672766,6,Nga 6
11389684401,10.7928951,106.6533154,5,Nga 5
11391710166,10.7989336,106.6580856,4,Nga 4
11391735135,10.800568,106.6598726,4,Nga 4
11391735136,10.8007606,106.6597524,3,Nga 3
11399978019,10.8023364,106.6414873,3,Nga 3
11399978022,10.8021853,106.6416697,3,Nga 3
11399978032,10.8041927,106.6375256,6,Nga 6
11407062277,10.8033497,106.6660985,5,Nga 5
11408003778,10.8148522,106.6627366,3,Nga 3
11411815956,10.8055073,106.6571273,4,Nga 4
11412849321,10.8043014,106.6640362,5,Nga 5
11412869314,10.8045678,106.6611142,6,Nga 6
11414362356,10.7998474,106.6578317,4,Nga 4
11414362359,10.799531,106.6579179,4,Nga 4
11414718179,10.8018609,106.6470249,3,Nga 3
11414718180,10.8020166,106.6470405,3,Nga 3
11414836960,10.8011373,106.6621722,3,Nga 3
11414836962,10.8006326,106.6616736,4,Nga 4
11414869197,10.8007913,106.6575484,3,Nga 3
11414869198,10.8004355,106.6576789,4,Nga 4
11438217215,10.7960237,106.6396139,6,Nga 6
11438217257,10.7989768,106.6419389,6,Nga 6
11438217258,10.7990412,106.64196,4,Nga 4
11438719528,10.7980264,106.6437296,6,Nga 6
11438719531,10.7980931,106.6437505,4,Nga 4
11443990833,10.7968902,106.6458437,6,Nga 6
11443990834,10.7969504,106.6458773,4,Nga 4
11446167735,10.8038408,106.635809,4,Nga 4
11452099354,10.7954899,106.6484568,4,Nga 4
11452099363,10.7961139,106.6474333,4,Nga 4
11452099364,10.7960557,106.6473996,4,Nga 4
11453123766,10.807646,106.6348114,3,Nga 3
11453253009,10.8048605,106.6418984,6,Nga 6
11457533514,10.7866714,106.6434295,8,Nga 8
11457538169,10.7889312,106.6455351,6,Nga 6
11457538233,10.7859423,106.6416355,4,Nga 4
11457538355,10.7858893,106.6436345,6,Nga 6
11457538361,10.7849265,106.6420485,6,Nga 6
11468812721,10.7933066,106.6525906,4,Nga 4
11483124153,10.7860591,106.6454393,6,Nga 6
11491215620,10.7996718,106.6562974,6,Nga 6
11584778561,10.7711798,106.6527189,4,Nga 4
11743575445,10.7883205,106.6603302,6,Nga 6
11761069770,10.8017969,106.6367198,3,Nga 3
11927555949,10.7893338,106.6600826,6,Nga 6
11932199883,10.7895843,106.6521496,6,Nga 6
11993191643,10.7941738,106.6510425,4,Nga 4
12014583424,10.7844833,106.6542204,6,Nga 6
12074868839,10.8240973,106.6294867,6,Nga 6
12074868841,10.8238722,106.6293057,6,Nga 6
12074894069,10.8186831,106.6334389,6,Nga 6
12120475978,10.7903678,106.6549636,6,Nga 6
12120475979,10.7912391,106.6553047,8,Nga 8
12120475981,10.7907367,106.655108,8,Nga 8
12120475982,10.7908669,106.655159,8,Nga 8
12295658876,10.7939181,106.6519279,3,Nga 3
12350504397,10.8073925,106.6549246,4,Nga 4
12350504398,10.8084614,106.6549194,3,Nga 3
12350576306,10.8056044,106.6571385,4,Nga 4
12350576329,10.8065102,106.6548994,3,Nga 3
12350576330,10.8050015,106.6548582,4,Nga 4
12462059893,10.7995071,106.651798,6,Nga 6
12518609456,10.8090596,106.6528301,5,Nga 5
12518609457,10.8088582,106.6528131,4,Nga 4
12564849499,10.8065055,106.655054,3,Nga 3
12564865111,10.8096747,106.6460303,3,Nga 3
12564865130,10.8095507,106.6460181,3,Nga 3
12564865142,10.806343,106.6360702,3,Nga 3
12564865148,10.8096637,106.6448695,4,Nga 4
12564865151,10.8060683,106.6551565,3,Nga 3
12564865166,10.8041695,106.6616734,3,Nga 3
12564865171,10.8103247,106.6527685,3,Nga 3
12564865229,10.8118711,106.6562911,3,Nga 3
12586968984,10.809569,106.6480957,4,Nga 4
12642585029,10.812288,106.6649261,3,Nga 3
12642585030,10.8122702,106.6651466,3,Nga 3
12738755470,10.8090736,106.6526451,3,Nga 3
12738755472,10.8090471,106.6530783,5,Nga 5
12738755477,10.8110444,106.6531332,3,Nga 3
12749483933,10.8119006,106.6554687,3,Nga 3
12765516717,10.8062399,106.6361787,4,Nga 4
12793896106,10.8079952,106.6401391,4,Nga 4
12793896107,10.8097891,106.64478,4,Nga 4
12834017505,10.801246,106.6545425,4,Nga 4
12856066553,10.7861398,106.6622833,6,Nga 6
12856066554,10.7852898,106.6614973,6,Nga 6
12856066555,10.7856604,106.6628211,6,Nga 6
12856066557,10.7867794,106.6615659,6,Nga 6
12878563557,10.8111621,106.6557865,3,Nga 3
12878563573,10.8124836,106.6560546,3,Nga 3
12878563576,10.8121965,106.6561983,4,Nga 4
12878563579,10.8108461,106.6555555,5,Nga 5
12878563582,10.8113084,106.6538622,3,Nga 3
12901439431,10.8111494,106.655473,6,Nga 6
12901439433,10.8112296,106.6542276,4,Nga 4
12901439442,10.8093862,106.652773,4,Nga 4
12901439444,10.8090639,106.6527655,3,Nga 3
12901439447,10.8090558,106.6529039,3,Nga 3
12901439450,10.8090515,106.6529889,3,Nga 3
12901439455,10.8090679,106.652702,3,Nga 3
12901439456,10.8095681,106.652774,3,Nga 3
12901439457,10.8097259,106.6527706,3,Nga 3
12908951539,10.8088375,106.6530635,4,Nga 4
12979898878,10.7926161,106.6533581,3,Nga 3
12991340401,10.8062994,106.6363136,3,Nga 3
13086411831,10.8062881,106.6548909,3,Nga 3
13098131247,10.7833243,106.644639,6,Nga 6
13103079807,10.774856,106.6531503,4,Nga 4
13103079809,10.7749438,106.653158,4,Nga 4
13103143564,10.8024989,106.663434,3,Nga 3
13120862921,10.8089928,106.6536324,3,Nga 3
13120862922,10.8087853,106.6536127,3,Nga 3
13189183911,10.8027233,106.663593,3,Nga 3
13189183912,10.8025621,106.6634788,3,Nga 3
13189183913,10.802645,106.6634037,4,Nga 4
13189183914,10.8027798,106.6635182,4,Nga 4
